param_name,layer,kind,numel,slope_increment,incr_at_t1,r2_increment,incr_trend_frac
model.embed_tokens.weight,-1,embed_tokens.weight,388956160,-0.0005914972758774967,7.25192144194367,0.12261941589895028,-8.156421447926809e-05
model.layers.0.self_attn.qkv_proj.weight,0,self_attn.qkv_proj.weight,15728640,-2.3902064205370186e-05,0.28942533906641266,0.11111173941570619,-8.258455974335241e-05
model.layers.0.self_attn.o_proj.weight,0,self_attn.o_proj.weight,10485760,-1.6578267827033883e-05,0.19801716571435654,0.12624602385046235,-8.372136712101183e-05
model.layers.0.self_attn.q_norm.weight,0,self_attn.q_norm.weight,128,-1.4511332414875386e-08,7.494824656068374e-06,0.016678764315489203,-0.0019361803752307827
model.layers.0.self_attn.k_norm.weight,0,self_attn.k_norm.weight,128,-2.5484551637548076e-08,1.1079476607446838e-05,0.043606285063786006,-0.0023001584407352934
model.layers.0.mlp.gate_up_proj.weight,0,mlp.gate_up_proj.weight,49807360,-7.34374755208932e-05,0.9188293418908801,0.11056643970027688,-7.992504393662977e-05
model.layers.0.mlp.down_proj.weight,0,mlp.down_proj.weight,24903680,-3.755078522509746e-05,0.4587697493943305,0.11066086666637248,-8.185104897319873e-05
model.layers.0.input_layernorm.weight,0,input_layernorm.weight,2560,1.8787822393654114e-08,4.523800305233701e-05,0.007579179972142497,0.00041531060449149354
model.layers.0.post_attention_layernorm.weight,0,post_attention_layernorm.weight,2560,-2.6990657071256124e-08,1.0214287452982858e-05,0.18122613391961032,-0.0026424415012301318
model.layers.1.self_attn.qkv_proj.weight,1,self_attn.qkv_proj.weight,15728640,-2.3991468697221484e-05,0.29441827960439404,0.12529959231882098,-8.148770086374563e-05
model.layers.1.self_attn.o_proj.weight,1,self_attn.o_proj.weight,10485760,-1.5945906098502538e-05,0.19660772243651078,0.11529495499721691,-8.110518702362692e-05
model.layers.1.self_attn.q_norm.weight,1,self_attn.q_norm.weight,128,-1.480348711699743e-08,8.157236611713299e-06,0.015249244106832016,-0.0018147674049003946
model.layers.1.self_attn.k_norm.weight,1,self_attn.k_norm.weight,128,-1.2254049078162166e-08,6.764378558490751e-06,0.011565539098612418,-0.0018115557803577828
model.layers.1.mlp.gate_up_proj.weight,1,mlp.gate_up_proj.weight,49807360,-0.00011213057319266614,0.9178770520530583,0.2857923411184531,-0.00012216295520392243
model.layers.1.mlp.down_proj.weight,1,mlp.down_proj.weight,24903680,-5.400418331740683e-05,0.47562849563141896,0.2756770706408668,-0.00011354278352417418
model.layers.1.input_layernorm.weight,1,input_layernorm.weight,2560,3.6842271280652454e-10,2.402540713272525e-05,8.168846693834568e-06,1.5334712572037633e-05
model.layers.1.post_attention_layernorm.weight,1,post_attention_layernorm.weight,2560,-3.370157080521757e-07,0.00012381117698315321,0.4029935907897133,-0.0027220136038124646
model.layers.2.self_attn.qkv_proj.weight,2,self_attn.qkv_proj.weight,15728640,-2.370148001021799e-05,0.2915390043404336,0.11316438147992401,-8.129780117703046e-05
model.layers.2.self_attn.o_proj.weight,2,self_attn.o_proj.weight,10485760,-1.5264585557718366e-05,0.19486293182900463,0.10314824105756601,-7.833498867354252e-05
model.layers.2.self_attn.q_norm.weight,2,self_attn.q_norm.weight,128,-1.717901723193797e-08,9.287875992334725e-06,0.016971411322209626,-0.0018496174201847436
model.layers.2.self_attn.k_norm.weight,2,self_attn.k_norm.weight,128,-1.6579005248324918e-08,8.023747133230643e-06,0.019635970445416925,-0.0020662422398211376
model.layers.2.mlp.gate_up_proj.weight,2,mlp.gate_up_proj.weight,49807360,-0.00011333025682754527,0.922497054134167,0.2951383242208805,-0.00012285161922160744
model.layers.2.mlp.down_proj.weight,2,mlp.down_proj.weight,24903680,-5.658198185555589e-05,0.47191888555699646,0.28631332910819496,-0.00011989768493535346
model.layers.2.input_layernorm.weight,2,input_layernorm.weight,2560,-2.61670190814656e-08,2.047633080354992e-05,0.08579267937817653,-0.0012779154298937728
model.layers.2.post_attention_layernorm.weight,2,post_attention_layernorm.weight,2560,-3.506252753735883e-07,0.00013280853595456726,0.4345257893322916,-0.0026400808717109447
model.layers.3.self_attn.qkv_proj.weight,3,self_attn.qkv_proj.weight,15728640,-2.4772287845600057e-05,0.29205264403680903,0.12289509835736045,-8.482130996382237e-05
model.layers.3.self_attn.o_proj.weight,3,self_attn.o_proj.weight,10485760,-1.569735490824186e-05,0.19505820139509122,0.1080113229502212,-8.047523660103273e-05
model.layers.3.self_attn.q_norm.weight,3,self_attn.q_norm.weight,128,-1.73137227199371e-08,9.311338004339052e-06,0.017172582343860824,-0.0018594237167492967
model.layers.3.self_attn.k_norm.weight,3,self_attn.k_norm.weight,128,-1.596153417638292e-08,8.329611659241746e-06,0.017659737646964126,-0.0019162398956106817
model.layers.3.mlp.gate_up_proj.weight,3,mlp.gate_up_proj.weight,49807360,-9.689234582000354e-05,0.9109487002252983,0.20289318494500483,-0.00010636421765137803
model.layers.3.mlp.down_proj.weight,3,mlp.down_proj.weight,24903680,-4.730840669294349e-05,0.4728046675183477,0.2039096220999804,-0.00010005909404671356
model.layers.3.input_layernorm.weight,3,input_layernorm.weight,2560,-1.95596854564403e-08,1.0795251596075942e-05,0.09277813358408754,-0.0018118786099946217
model.layers.3.post_attention_layernorm.weight,3,post_attention_layernorm.weight,2560,-3.529810222481406e-07,0.00012880336774039579,0.4192961636758752,-0.002740464231956859
model.layers.4.self_attn.qkv_proj.weight,4,self_attn.qkv_proj.weight,15728640,-2.3816555790977525e-05,0.2905352804739489,0.11340078984104263,-8.19747458970411e-05
model.layers.4.self_attn.o_proj.weight,4,self_attn.o_proj.weight,10485760,-1.6212260544373474e-05,0.19356126396806628,0.114028557168001,-8.375777369922616e-05
model.layers.4.self_attn.q_norm.weight,4,self_attn.q_norm.weight,128,-1.6419595527888397e-08,8.160227453613378e-06,0.021684875701863327,-0.0020121492472146402
model.layers.4.self_attn.k_norm.weight,4,self_attn.k_norm.weight,128,-2.2151115722733907e-08,1.0186378986376807e-05,0.03370392711394881,-0.0021745819345970396
model.layers.4.mlp.gate_up_proj.weight,4,mlp.gate_up_proj.weight,49807360,-8.198939003661057e-05,0.8876041823932475,0.12216798666517861,-9.237156793869825e-05
model.layers.4.mlp.down_proj.weight,4,mlp.down_proj.weight,24903680,-3.868967667572814e-05,0.4739569874684693,0.13560692842192007,-8.163119797511589e-05
model.layers.4.input_layernorm.weight,4,input_layernorm.weight,2560,-3.903546086116125e-08,1.6544171382879743e-05,0.2858736161236231,-0.0023594690817550384
model.layers.4.post_attention_layernorm.weight,4,post_attention_layernorm.weight,2560,-3.6335088947464204e-07,0.00013157630912937715,0.44587645315136637,-0.002761522130229114
model.layers.5.self_attn.qkv_proj.weight,5,self_attn.qkv_proj.weight,15728640,-2.4124977264387718e-05,0.2913715595781744,0.1199308168961808,-8.27979824088323e-05
model.layers.5.self_attn.o_proj.weight,5,self_attn.o_proj.weight,10485760,-1.5045164865756315e-05,0.195577911231435,0.10178929069687567,-7.692670798571308e-05
model.layers.5.self_attn.q_norm.weight,5,self_attn.q_norm.weight,128,-1.8783382662888192e-08,8.975077081826698e-06,0.03691811399611288,-0.002092838032658457
model.layers.5.self_attn.k_norm.weight,5,self_attn.k_norm.weight,128,-8.17252942926079e-09,3.0887816634716555e-06,0.023179947731387256,-0.002645874755703912
model.layers.5.mlp.gate_up_proj.weight,5,mlp.gate_up_proj.weight,49807360,-7.820151725297651e-05,0.8948115938463512,0.11515108779856949,-8.739439429570528e-05
model.layers.5.mlp.down_proj.weight,5,mlp.down_proj.weight,24903680,-3.7831996229058324e-05,0.4695818717748824,0.12293178659675193,-8.05652826546826e-05
model.layers.5.input_layernorm.weight,5,input_layernorm.weight,2560,-4.1966554803798286e-08,1.7804980015443662e-05,0.2651562308249429,-0.0023570121824005074
model.layers.5.post_attention_layernorm.weight,5,post_attention_layernorm.weight,2560,-1.8758054362025287e-07,7.529592933301892e-05,0.30594138920759273,-0.002491244151999525
model.layers.6.self_attn.qkv_proj.weight,6,self_attn.qkv_proj.weight,15728640,-2.4081567442077245e-05,0.28988006074553707,0.1132416226703668,-8.307424587997641e-05
model.layers.6.self_attn.o_proj.weight,6,self_attn.o_proj.weight,10485760,-1.644494816933237e-05,0.1949541948786062,0.11910933182949954,-8.435288186321041e-05
model.layers.6.self_attn.q_norm.weight,6,self_attn.q_norm.weight,128,-2.872735203632155e-08,1.2503553375720134e-05,0.04908126736555669,-0.002297535042486834
model.layers.6.self_attn.k_norm.weight,6,self_attn.k_norm.weight,128,-2.0279738484149954e-08,1.014621005768881e-05,0.0239764919099974,-0.0019987501115041415
model.layers.6.mlp.gate_up_proj.weight,6,mlp.gate_up_proj.weight,49807360,-7.720737279743724e-05,0.8978261030442579,0.11008326097367652,-8.59936824465788e-05
model.layers.6.mlp.down_proj.weight,6,mlp.down_proj.weight,24903680,-3.878305910590199e-05,0.4647549827660541,0.12510457545347442,-8.344839871340206e-05
model.layers.6.input_layernorm.weight,6,input_layernorm.weight,2560,-3.172129183877684e-08,1.1429337003230437e-05,0.2614354619580317,-0.002775427116184517
model.layers.6.post_attention_layernorm.weight,6,post_attention_layernorm.weight,2560,-3.234159950121554e-07,0.00012079246830792284,0.38173481537359,-0.002677451661867749
model.layers.7.self_attn.qkv_proj.weight,7,self_attn.qkv_proj.weight,15728640,-2.4816711345512067e-05,0.29040232465692417,0.12634704402749208,-8.545631091221484e-05
model.layers.7.self_attn.o_proj.weight,7,self_attn.o_proj.weight,10485760,-1.5327404150219195e-05,0.19440303589511815,0.10312875629421211,-7.884344027676832e-05
model.layers.7.self_attn.q_norm.weight,7,self_attn.q_norm.weight,128,-1.7113776215835283e-08,8.97410437639209e-06,0.014248925441093114,-0.001907017736595084
model.layers.7.self_attn.k_norm.weight,7,self_attn.k_norm.weight,128,-1.7754824407851843e-08,8.79864138103013e-06,0.016898460609273042,-0.0020179052241100816
model.layers.7.mlp.gate_up_proj.weight,7,mlp.gate_up_proj.weight,49807360,-7.516580469366475e-05,0.8979705822739282,0.10640832957156825,-8.370631084965233e-05
model.layers.7.mlp.down_proj.weight,7,mlp.down_proj.weight,24903680,-3.692819235345986e-05,0.46314772992944964,0.11125690179416317,-7.973307428082408e-05
model.layers.7.input_layernorm.weight,7,input_layernorm.weight,2560,-6.852485490721919e-08,2.5908509395637288e-05,0.3191603325792787,-0.002644878323982546
model.layers.7.post_attention_layernorm.weight,7,post_attention_layernorm.weight,2560,-3.236012191816135e-07,0.00011632641841927342,0.4253391668920506,-0.0027818377250751663
model.layers.8.self_attn.qkv_proj.weight,8,self_attn.qkv_proj.weight,15728640,-2.434793925110917e-05,0.28962616931994345,0.11273928577517155,-8.406677928406584e-05
model.layers.8.self_attn.o_proj.weight,8,self_attn.o_proj.weight,10485760,-1.5569505898303205e-05,0.19274145854039543,0.10059559580723985,-8.07792263076607e-05
model.layers.8.self_attn.q_norm.weight,8,self_attn.q_norm.weight,128,-2.243707816523719e-08,1.1050354125668564e-05,0.034877418075209166,-0.0020304397406702757
model.layers.8.self_attn.k_norm.weight,8,self_attn.k_norm.weight,128,-2.3895765937249688e-08,1.0514932934132919e-05,0.03946587918370733,-0.0022725552399560003
model.layers.8.mlp.gate_up_proj.weight,8,mlp.gate_up_proj.weight,49807360,-7.651187716341608e-05,0.9046628741120476,0.11026897191858961,-8.457501612245851e-05
model.layers.8.mlp.down_proj.weight,8,mlp.down_proj.weight,24903680,-3.7596459494307834e-05,0.45976606572055717,0.11242474301086479,-8.177301957982849e-05
model.layers.8.input_layernorm.weight,8,input_layernorm.weight,2560,-1.0201433319575051e-07,3.7180683495246064e-05,0.3557741977734505,-0.0027437455045385088
model.layers.8.post_attention_layernorm.weight,8,post_attention_layernorm.weight,2560,-3.2387719519810894e-07,0.00011640910112422835,0.43287927332736936,-0.002782232592385339
model.layers.9.self_attn.qkv_proj.weight,9,self_attn.qkv_proj.weight,15728640,-2.5076750797493975e-05,0.29240492438823024,0.1348922135284989,-8.576035731942466e-05
model.layers.9.self_attn.o_proj.weight,9,self_attn.o_proj.weight,10485760,-1.625711975960677e-05,0.19377521645226378,0.11803122643578004,-8.389679576805781e-05
model.layers.9.self_attn.q_norm.weight,9,self_attn.q_norm.weight,128,-2.3662788327030047e-08,1.1408410311387632e-05,0.027681849204483053,-0.002074152987240506
model.layers.9.self_attn.k_norm.weight,9,self_attn.k_norm.weight,128,-1.1385264244688319e-08,7.207001804658474e-06,0.01059355288801364,-0.0015797504362117813
model.layers.9.mlp.gate_up_proj.weight,9,mlp.gate_up_proj.weight,49807360,-7.820304039292147e-05,0.9007668589377364,0.11522229647669398,-8.681829223284855e-05
model.layers.9.mlp.down_proj.weight,9,mlp.down_proj.weight,24903680,-3.8225690084367546e-05,0.4668098138372473,0.12610573739169753,-8.188707467425887e-05
model.layers.9.input_layernorm.weight,9,input_layernorm.weight,2560,-1.1352780603194845e-07,4.1790405893647304e-05,0.3486731541722485,-0.002716599745904985
model.layers.9.post_attention_layernorm.weight,9,post_attention_layernorm.weight,2560,-3.1476436769540056e-07,0.00011240300688749233,0.426474176209842,-0.002800319817159856
model.layers.10.self_attn.qkv_proj.weight,10,self_attn.qkv_proj.weight,15728640,-2.459683189624193e-05,0.28966112869403593,0.12081382551247097,-8.491588777251206e-05
model.layers.10.self_attn.o_proj.weight,10,self_attn.o_proj.weight,10485760,-1.6611558374647186e-05,0.19299036041631273,0.12221794268300648,-8.607454972783747e-05
model.layers.10.self_attn.q_norm.weight,10,self_attn.q_norm.weight,128,-1.7883789502063568e-08,9.120093027011176e-06,0.024680016982889564,-0.0019609218293165174
model.layers.10.self_attn.k_norm.weight,10,self_attn.k_norm.weight,128,-1.2393933837928839e-08,6.843327204912254e-06,0.014403240163621623,-0.0018110976527663718
model.layers.10.mlp.gate_up_proj.weight,10,mlp.gate_up_proj.weight,49807360,-7.51775722338795e-05,0.9008053578555211,0.1091042013202078,-8.345595591576968e-05
model.layers.10.mlp.down_proj.weight,10,mlp.down_proj.weight,24903680,-3.857423461789997e-05,0.46354201127576045,0.12248450965584552,-8.321626450154097e-05
model.layers.10.input_layernorm.weight,10,input_layernorm.weight,2560,-1.3468080447673663e-07,4.8455647583120174e-05,0.3712400666515012,-0.002779465577169451
model.layers.10.post_attention_layernorm.weight,10,post_attention_layernorm.weight,2560,-3.150234728952017e-07,0.00011275967451365373,0.42911800616209134,-0.002793760041024741
model.layers.11.self_attn.qkv_proj.weight,11,self_attn.qkv_proj.weight,15728640,-2.4966311554936727e-05,0.28984231033225777,0.12445895525889727,-8.613756744595656e-05
model.layers.11.self_attn.o_proj.weight,11,self_attn.o_proj.weight,10485760,-1.6056203982046982e-05,0.19312421467064642,0.11039494527754154,-8.31392583753891e-05
model.layers.11.self_attn.q_norm.weight,11,self_attn.q_norm.weight,128,-2.4326417465536e-08,1.1240687279663582e-05,0.041364117029252225,-0.002164139688286396
model.layers.11.self_attn.k_norm.weight,11,self_attn.k_norm.weight,128,-2.457675880820836e-08,1.1190901390594723e-05,0.03562019661028634,-0.0021961375541083438
model.layers.11.mlp.gate_up_proj.weight,11,mlp.gate_up_proj.weight,49807360,-7.699866789577808e-05,0.9017952126793051,0.10957865783011839,-8.538376209273604e-05
model.layers.11.mlp.down_proj.weight,11,mlp.down_proj.weight,24903680,-3.834434743119475e-05,0.4606907687758675,0.11772850741859194,-8.323228948798367e-05
model.layers.11.input_layernorm.weight,11,input_layernorm.weight,2560,-9.346715536580267e-08,3.3315615065371195e-05,0.3359634675570569,-0.002805505922145018
model.layers.11.post_attention_layernorm.weight,11,post_attention_layernorm.weight,2560,-3.1155212205601336e-07,0.00011178122445462221,0.4397147298982133,-0.0027871596824607025
model.layers.12.self_attn.qkv_proj.weight,12,self_attn.qkv_proj.weight,15728640,-2.488478568409792e-05,0.290058824357347,0.12546410551081852,-8.579220349262788e-05
model.layers.12.self_attn.o_proj.weight,12,self_attn.o_proj.weight,10485760,-1.6491562544696533e-05,0.19437414357776583,0.11998495552170477,-8.48444255040462e-05
model.layers.12.self_attn.q_norm.weight,12,self_attn.q_norm.weight,128,-1.6063110692027246e-08,8.934561712846563e-06,0.016019032455430002,-0.0017978621904789014
model.layers.12.self_attn.k_norm.weight,12,self_attn.k_norm.weight,128,-1.3481284377092717e-08,7.47151031303627e-06,0.015430211798443833,-0.0018043586654187722
model.layers.12.mlp.gate_up_proj.weight,12,mlp.gate_up_proj.weight,49807360,-7.67585007679308e-05,0.9033035885708753,0.10990467482770255,-8.497530812356353e-05
model.layers.12.mlp.down_proj.weight,12,mlp.down_proj.weight,24903680,-3.8348412270231306e-05,0.4592415561428437,0.11556310700691454,-8.350379393432618e-05
model.layers.12.input_layernorm.weight,12,input_layernorm.weight,2560,-9.907883356898755e-08,3.5999446982829905e-05,0.33192704601914447,-0.002752232100016526
model.layers.12.post_attention_layernorm.weight,12,post_attention_layernorm.weight,2560,-3.063869699601243e-07,0.00010924385557013103,0.43228566277197367,-0.002804615127881803
model.layers.13.self_attn.qkv_proj.weight,13,self_attn.qkv_proj.weight,15728640,-2.5351349837788585e-05,0.29107119432169065,0.13599153927652982,-8.709673211348554e-05
model.layers.13.self_attn.o_proj.weight,13,self_attn.o_proj.weight,10485760,-1.5783278334563023e-05,0.19487044669629427,0.11025145882307162,-8.099369915829912e-05
model.layers.13.self_attn.q_norm.weight,13,self_attn.q_norm.weight,128,-1.5573522799760575e-08,9.089683339110922e-06,0.013797253193102842,-0.0017133185193318131
model.layers.13.self_attn.k_norm.weight,13,self_attn.k_norm.weight,128,-1.8001026808774095e-08,8.47159233586743e-06,0.02216300891179263,-0.0021248693392103505
model.layers.13.mlp.gate_up_proj.weight,13,mlp.gate_up_proj.weight,49807360,-7.661728405677868e-05,0.9071977519858224,0.11234642323067369,-8.445488746975648e-05
model.layers.13.mlp.down_proj.weight,13,mlp.down_proj.weight,24903680,-3.8691564253527426e-05,0.45918213758576104,0.12074133076755719,-8.426191065914675e-05
model.layers.13.input_layernorm.weight,13,input_layernorm.weight,2560,-1.0003248485923748e-07,3.745324316295798e-05,0.33236710133222386,-0.0026708630925230967
model.layers.13.post_attention_layernorm.weight,13,post_attention_layernorm.weight,2560,-3.19857757133598e-07,0.00011453855147737763,0.418065530285925,-0.0027925772851839555
model.layers.14.self_attn.qkv_proj.weight,14,self_attn.qkv_proj.weight,15728640,-2.4419743280148033e-05,0.29056475935229087,0.11724996216650946,-8.404234338184379e-05
model.layers.14.self_attn.o_proj.weight,14,self_attn.o_proj.weight,10485760,-1.615082715506728e-05,0.19601631495815572,0.11785213401333441,-8.239532081048995e-05
model.layers.14.self_attn.q_norm.weight,14,self_attn.q_norm.weight,128,-1.973662135994546e-08,9.763451237580483e-06,0.027071721370545393,-0.0020214799951043198
model.layers.14.self_attn.k_norm.weight,14,self_attn.k_norm.weight,128,-1.5757850995390963e-08,8.288354137553622e-06,0.0177721247275229,-0.001901203873998804
model.layers.14.mlp.gate_up_proj.weight,14,mlp.gate_up_proj.weight,49807360,-7.667052118068504e-05,0.9114446786925038,0.11541188805471041,-8.411977487286593e-05
model.layers.14.mlp.down_proj.weight,14,mlp.down_proj.weight,24903680,-3.803062390609916e-05,0.46049450561086536,0.11435061074413937,-8.258648787926348e-05
model.layers.14.input_layernorm.weight,14,input_layernorm.weight,2560,-1.5410061123421962e-07,5.613111117582855e-05,0.37782205451796885,-0.002745368976422102
model.layers.14.post_attention_layernorm.weight,14,post_attention_layernorm.weight,2560,-3.0027701809887555e-07,0.00010760370806306102,0.4221086946293312,-0.0027905824390633324
model.layers.15.self_attn.qkv_proj.weight,15,self_attn.qkv_proj.weight,15728640,-2.491158670531381e-05,0.29129357593605604,0.12683321391549288,-8.552054958734254e-05
model.layers.15.self_attn.o_proj.weight,15,self_attn.o_proj.weight,10485760,-1.6049817276072357e-05,0.19724473908952084,0.12025456538655484,-8.137006517972598e-05
model.layers.15.self_attn.q_norm.weight,15,self_attn.q_norm.weight,128,-1.4752087699114068e-08,7.662712806672925e-06,0.01367877890080157,-0.0019251782066355794
model.layers.15.self_attn.k_norm.weight,15,self_attn.k_norm.weight,128,-8.36151144135956e-09,5.290181199363702e-06,0.00538222636509446,-0.001580571841729216
model.layers.15.mlp.gate_up_proj.weight,15,mlp.gate_up_proj.weight,49807360,-7.65059416938312e-05,0.917632294472289,0.11870251877360799,-8.337320095935394e-05
model.layers.15.mlp.down_proj.weight,15,mlp.down_proj.weight,24903680,-3.75861206608927e-05,0.461871186769797,0.11620876147760756,-8.137792903636169e-05
model.layers.15.input_layernorm.weight,15,input_layernorm.weight,2560,-1.7497701681969572e-07,6.452989625450691e-05,0.37388144821028346,-0.002711565134547616
model.layers.15.post_attention_layernorm.weight,15,post_attention_layernorm.weight,2560,-2.8832904695822325e-07,0.00010449976605230588,0.3886013589388187,-0.0027591358129347796
model.layers.16.self_attn.qkv_proj.weight,16,self_attn.qkv_proj.weight,15728640,-2.5660643461408717e-05,0.293097386472657,0.13567912214036337,-8.754988835017331e-05
model.layers.16.self_attn.o_proj.weight,16,self_attn.o_proj.weight,10485760,-1.5944541437517598e-05,0.1956949359684629,0.11839256718215974,-8.147651526397766e-05
model.layers.16.self_attn.q_norm.weight,16,self_attn.q_norm.weight,128,-1.3274358932263381e-08,7.404181232611733e-06,0.015560791827117462,-0.0017928192888899636
model.layers.16.self_attn.k_norm.weight,16,self_attn.k_norm.weight,128,-2.0023793819501688e-08,9.761178638008913e-06,0.02738265893646543,-0.0020513704914211207
model.layers.16.mlp.gate_up_proj.weight,16,mlp.gate_up_proj.weight,49807360,-7.452373461234367e-05,0.9160250092062936,0.11300953952235417,-8.135556765738973e-05
model.layers.16.mlp.down_proj.weight,16,mlp.down_proj.weight,24903680,-3.889949177487956e-05,0.4641998171499886,0.1250550325042068,-8.37990243376392e-05
model.layers.16.input_layernorm.weight,16,input_layernorm.weight,2560,-2.548438329475835e-07,9.925330460329169e-05,0.359714599534184,-0.0025676105593277314
model.layers.16.post_attention_layernorm.weight,16,post_attention_layernorm.weight,2560,-2.9717186420616606e-07,0.00010969472888217925,0.404617370267729,-0.0027090806206864506
model.layers.17.self_attn.qkv_proj.weight,17,self_attn.qkv_proj.weight,15728640,-2.5144200531441707e-05,0.2931828483316961,0.13355156898696455,-8.576286325929442e-05
model.layers.17.self_attn.o_proj.weight,17,self_attn.o_proj.weight,10485760,-1.5752004616321015e-05,0.1967958371250225,0.11090855282794149,-8.004236698520162e-05
model.layers.17.self_attn.q_norm.weight,17,self_attn.q_norm.weight,128,-8.855461665925293e-09,6.553291995642736e-06,0.0059377289342575044,-0.0013512997241406704
model.layers.17.self_attn.k_norm.weight,17,self_attn.k_norm.weight,128,-1.2057264824048895e-08,5.591219202495372e-06,0.015021299097540054,-0.0021564643394177273
model.layers.17.mlp.gate_up_proj.weight,17,mlp.gate_up_proj.weight,49807360,-7.467515572733202e-05,0.9170043049985082,0.11196605571582761,-8.143381151024532e-05
model.layers.17.mlp.down_proj.weight,17,mlp.down_proj.weight,24903680,-3.9202815280306144e-05,0.463784388619287,0.126836314988713,-8.452810452938099e-05
model.layers.17.input_layernorm.weight,17,input_layernorm.weight,2560,-2.388898669560919e-07,9.117018138291331e-05,0.3698619289564381,-0.0026202631532864706
model.layers.17.post_attention_layernorm.weight,17,post_attention_layernorm.weight,2560,-3.124531785723587e-07,0.00011446583575019093,0.40661065551143466,-0.002729663191856244
model.layers.18.self_attn.qkv_proj.weight,18,self_attn.qkv_proj.weight,15728640,-2.4966283724948552e-05,0.293489209655447,0.13226513312380508,-8.506712650273817e-05
model.layers.18.self_attn.o_proj.weight,18,self_attn.o_proj.weight,10485760,-1.6594381741342002e-05,0.19692546001797057,0.1305325269228485,-8.426732500626212e-05
model.layers.18.self_attn.q_norm.weight,18,self_attn.q_norm.weight,128,-2.4437742117951307e-08,1.2529060089920715e-05,0.03173978059722933,-0.0019504848681834322
model.layers.18.self_attn.k_norm.weight,18,self_attn.k_norm.weight,128,-2.2595939541596565e-08,1.0436586394420246e-05,0.018377903028428285,-0.0021650699460196224
model.layers.18.mlp.gate_up_proj.weight,18,mlp.gate_up_proj.weight,49807360,-7.561024895449351e-05,0.9188886995133472,0.11660760078139346,-8.22844475011364e-05
model.layers.18.mlp.down_proj.weight,18,mlp.down_proj.weight,24903680,-3.912378534407321e-05,0.4638982905943862,0.127509198419907,-8.433698967492307e-05
model.layers.18.input_layernorm.weight,18,input_layernorm.weight,2560,-2.5795836236483393e-07,0.00010080680621626765,0.3371590399715379,-0.0025589379531717176
model.layers.18.post_attention_layernorm.weight,18,post_attention_layernorm.weight,2560,-3.0996125721580145e-07,0.00011254669268508384,0.43418288205122835,-0.0027540681100519052
model.layers.19.self_attn.qkv_proj.weight,19,self_attn.qkv_proj.weight,15728640,-2.590785446317123e-05,0.29403000957252556,0.148372583052405,-8.811295996907686e-05
model.layers.19.self_attn.o_proj.weight,19,self_attn.o_proj.weight,10485760,-1.648967179360502e-05,0.19701630826427363,0.12595804799540491,-8.369698904055248e-05
model.layers.19.self_attn.q_norm.weight,19,self_attn.q_norm.weight,128,-1.0322499955054784e-08,6.312197545610727e-06,0.010511511039454259,-0.001635325871927547
model.layers.19.self_attn.k_norm.weight,19,self_attn.k_norm.weight,128,-1.9379174323355367e-08,8.365302872663193e-06,0.027819249918624396,-0.0023166135904874627
model.layers.19.mlp.gate_up_proj.weight,19,mlp.gate_up_proj.weight,49807360,-7.580273545778195e-05,0.9201703482768857,0.12098324734568025,-8.237902427494042e-05
model.layers.19.mlp.down_proj.weight,19,mlp.down_proj.weight,24903680,-3.88291999857789e-05,0.46411729067164076,0.12612856852101711,-8.366247232372612e-05
model.layers.19.input_layernorm.weight,19,input_layernorm.weight,2560,-2.9755695572450205e-07,0.00012173600294354153,0.3670916332513816,-0.002444280644424496
model.layers.19.post_attention_layernorm.weight,19,post_attention_layernorm.weight,2560,-3.21382738257546e-07,0.00011706586408257816,0.4345757102309511,-0.002745315560399767
model.layers.20.self_attn.qkv_proj.weight,20,self_attn.qkv_proj.weight,15728640,-2.7017259049755797e-05,0.2933301584245237,0.15381071119123954,-9.210528912153287e-05
model.layers.20.self_attn.o_proj.weight,20,self_attn.o_proj.weight,10485760,-1.6160939989636368e-05,0.19742673302590336,0.12240513814686979,-8.18579112460721e-05
model.layers.20.self_attn.q_norm.weight,20,self_attn.q_norm.weight,128,-1.971530065702834e-08,9.902064200637055e-06,0.02658101345556309,-0.0019910293710032646
model.layers.20.self_attn.k_norm.weight,20,self_attn.k_norm.weight,128,-1.025526104886419e-08,4.351745668856161e-06,0.022265016106964318,-0.0023565855703051104
model.layers.20.mlp.gate_up_proj.weight,20,mlp.gate_up_proj.weight,49807360,-7.566774417308819e-05,0.9206574656031711,0.11894649699394567,-8.218881288657588e-05
model.layers.20.mlp.down_proj.weight,20,mlp.down_proj.weight,24903680,-3.858285601090656e-05,0.46276721597952614,0.12541485864170643,-8.337422072831873e-05
model.layers.20.input_layernorm.weight,20,input_layernorm.weight,2560,-3.0746872589658784e-07,0.0001192849136652063,0.39145559860628154,-0.0025775994335675333
model.layers.20.post_attention_layernorm.weight,20,post_attention_layernorm.weight,2560,-3.2994069000411305e-07,0.00011996223045923689,0.4103901410641366,-0.0027503714189127783
model.layers.21.self_attn.qkv_proj.weight,21,self_attn.qkv_proj.weight,15728640,-2.4837500136572737e-05,0.29369864917810573,0.1349735721190409,-8.456797539273222e-05
model.layers.21.self_attn.o_proj.weight,21,self_attn.o_proj.weight,10485760,-1.6660252024879468e-05,0.1982756851913387,0.12512824180731022,-8.40256938655998e-05
model.layers.21.self_attn.q_norm.weight,21,self_attn.q_norm.weight,128,-2.0396280842647367e-08,9.646029036706201e-06,0.025990897189847047,-0.0021144743360229424
model.layers.21.self_attn.k_norm.weight,21,self_attn.k_norm.weight,128,-9.478223333437663e-09,6.127006269039167e-06,0.005232458200140596,-0.0015469583214453005
model.layers.21.mlp.gate_up_proj.weight,21,mlp.gate_up_proj.weight,49807360,-7.58146934415791e-05,0.9234635835769978,0.12214728170568336,-8.209819508844522e-05
model.layers.21.mlp.down_proj.weight,21,mlp.down_proj.weight,24903680,-3.8814079845838415e-05,0.46180451161577274,0.12083338476018873,-8.404872379880997e-05
model.layers.21.input_layernorm.weight,21,input_layernorm.weight,2560,-3.5839954422917744e-07,0.00014061960580051525,0.3890936307676987,-0.0025487167467785933
model.layers.21.post_attention_layernorm.weight,21,post_attention_layernorm.weight,2560,-3.5147820521630137e-07,0.00013098433107959232,0.4229819423425411,-0.002683360691461076
model.layers.22.self_attn.qkv_proj.weight,22,self_attn.qkv_proj.weight,15728640,-2.5611774736114257e-05,0.2952257179767595,0.14711874940604905,-8.675319654275663e-05
model.layers.22.self_attn.o_proj.weight,22,self_attn.o_proj.weight,10485760,-1.7204635960766142e-05,0.19779451941463508,0.13749807056090707,-8.698236943916631e-05
model.layers.22.self_attn.q_norm.weight,22,self_attn.q_norm.weight,128,-2.6156334413337527e-08,1.0981023804659189e-05,0.049161551675209185,-0.002381957718936875
model.layers.22.self_attn.k_norm.weight,22,self_attn.k_norm.weight,128,-7.658317561551575e-09,6.014874817465408e-06,0.003026967162682589,-0.001273229750237544
model.layers.22.mlp.gate_up_proj.weight,22,mlp.gate_up_proj.weight,49807360,-7.602549130571721e-05,0.9170590200344121,0.11625929418476388,-8.290141598832363e-05
model.layers.22.mlp.down_proj.weight,22,mlp.down_proj.weight,24903680,-3.910236709561201e-05,0.4615954614050112,0.12344538040932487,-8.471133354862642e-05
model.layers.22.input_layernorm.weight,22,input_layernorm.weight,2560,-3.729634038938664e-07,0.00017113282028468293,0.3600070540995775,-0.0021793797547041776
model.layers.22.post_attention_layernorm.weight,22,post_attention_layernorm.weight,2560,-3.6165502309046536e-07,0.00013048210846828244,0.43440562386276005,-0.0027716828562620627
model.layers.23.self_attn.qkv_proj.weight,23,self_attn.qkv_proj.weight,15728640,-2.496049977322884e-05,0.2918599395064853,0.12944727833197653,-8.552218511192489e-05
model.layers.23.self_attn.o_proj.weight,23,self_attn.o_proj.weight,10485760,-1.533075179068652e-05,0.19562508681321747,0.1048791396548386,-7.836802549421639e-05
model.layers.23.self_attn.q_norm.weight,23,self_attn.q_norm.weight,128,-1.3589101322602842e-08,7.177889156715708e-06,0.01587123543584809,-0.0018931890735438199
model.layers.23.self_attn.k_norm.weight,23,self_attn.k_norm.weight,128,-1.4082193225548418e-08,6.004971327589067e-06,0.027971786990258374,-0.002345089169843259
model.layers.23.mlp.gate_up_proj.weight,23,mlp.gate_up_proj.weight,49807360,-7.797057828901585e-05,0.9115049011696713,0.1189471266151455,-8.554049263910878e-05
model.layers.23.mlp.down_proj.weight,23,mlp.down_proj.weight,24903680,-3.7791393652108955e-05,0.46007891083999886,0.11735816058450524,-8.214111266936907e-05
model.layers.23.input_layernorm.weight,23,input_layernorm.weight,2560,-3.8318913570740874e-07,0.0001697452662230994,0.33932491812908566,-0.002257436358807061
model.layers.23.post_attention_layernorm.weight,23,post_attention_layernorm.weight,2560,-3.5200555947066606e-07,0.0001273358233403699,0.4257568329701749,-0.002764387508845423
model.layers.24.self_attn.qkv_proj.weight,24,self_attn.qkv_proj.weight,15728640,-2.6670047241368617e-05,0.29139337734958837,0.14649960174814272,-9.152592102109521e-05
model.layers.24.self_attn.o_proj.weight,24,self_attn.o_proj.weight,10485760,-1.5873976192662718e-05,0.19597351227125667,0.1127795344987211,-8.100062099561066e-05
model.layers.24.self_attn.q_norm.weight,24,self_attn.q_norm.weight,128,-1.938294978520867e-08,8.993043933409316e-06,0.027769548705000927,-0.0021553269314298212
model.layers.24.self_attn.k_norm.weight,24,self_attn.k_norm.weight,128,-1.902711990409189e-08,7.355109615865682e-06,0.03518070038946618,-0.002586925402586598
model.layers.24.mlp.gate_up_proj.weight,24,mlp.gate_up_proj.weight,49807360,-7.813519894088065e-05,0.9066950506360849,0.11758437443946139,-8.617583043611577e-05
model.layers.24.mlp.down_proj.weight,24,mlp.down_proj.weight,24903680,-3.853950023961975e-05,0.45875178415467266,0.1162940118537408,-8.400948305985396e-05
model.layers.24.input_layernorm.weight,24,input_layernorm.weight,2560,-4.298662861302424e-07,0.00021216992620170686,0.36739544396416457,-0.0020260472057739925
model.layers.24.post_attention_layernorm.weight,24,post_attention_layernorm.weight,2560,-3.588103921280082e-07,0.00013591432055210916,0.3821490980832525,-0.0026399748802808554
model.layers.25.self_attn.qkv_proj.weight,25,self_attn.qkv_proj.weight,15728640,-2.3376066666820035e-05,0.29112585090289617,0.10988474757254758,-8.029540006262455e-05
model.layers.25.self_attn.o_proj.weight,25,self_attn.o_proj.weight,10485760,-1.550587835663499e-05,0.1948567782983892,0.10346384347291858,-7.957577094336661e-05
model.layers.25.self_attn.q_norm.weight,25,self_attn.q_norm.weight,128,-2.3727697105379162e-08,1.0893742630276327e-05,0.042355514043624976,-0.0021781033305701748
model.layers.25.self_attn.k_norm.weight,25,self_attn.k_norm.weight,128,-1.487709901297716e-08,7.423480985379934e-06,0.020276419410758428,-0.0020040596914408003
model.layers.25.mlp.gate_up_proj.weight,25,mlp.gate_up_proj.weight,49807360,-7.537184868118621e-05,0.9038432729175038,0.10769456965751849,-8.339039625519855e-05
model.layers.25.mlp.down_proj.weight,25,mlp.down_proj.weight,24903680,-3.7764617116332156e-05,0.457811510815439,0.1105796440873179,-8.248944428912905e-05
model.layers.25.input_layernorm.weight,25,input_layernorm.weight,2560,-4.2703793729684516e-07,0.0002107184763063165,0.34156318434121546,-0.002026580415644569
model.layers.25.post_attention_layernorm.weight,25,post_attention_layernorm.weight,2560,-3.8829080989593736e-07,0.00016011484241016985,0.3337871443892233,-0.002425076926355421
model.layers.26.self_attn.qkv_proj.weight,26,self_attn.qkv_proj.weight,15728640,-2.5180709216101753e-05,0.2913344739889521,0.13352132441490314,-8.643230192200545e-05
model.layers.26.self_attn.o_proj.weight,26,self_attn.o_proj.weight,10485760,-1.5176653529559377e-05,0.1936788055998808,0.1041724657819509,-7.835990872905671e-05
model.layers.26.self_attn.q_norm.weight,26,self_attn.q_norm.weight,128,-2.2564806958357056e-08,1.0448207642341274e-05,0.03585522733782634,-0.0021596820938850187
model.layers.26.self_attn.k_norm.weight,26,self_attn.k_norm.weight,128,-2.2745909095083794e-08,1.1677857779322729e-05,0.020051635005521894,-0.0019477809650463966
model.layers.26.mlp.gate_up_proj.weight,26,mlp.gate_up_proj.weight,49807360,-7.624147686501359e-05,0.9013960204408824,0.10748482107606659,-8.458155476182718e-05
model.layers.26.mlp.down_proj.weight,26,mlp.down_proj.weight,24903680,-3.801181531267335e-05,0.4558390385979379,0.10944127997204918,-8.338867910389917e-05
model.layers.26.input_layernorm.weight,26,input_layernorm.weight,2560,-3.4601718261447626e-07,0.00019754533569444997,0.29087859308213054,-0.0017515836625455572
model.layers.26.post_attention_layernorm.weight,26,post_attention_layernorm.weight,2560,-4.002948354876707e-07,0.00018198262405091047,0.3274499141753091,-0.002199632176837314
model.layers.27.self_attn.qkv_proj.weight,27,self_attn.qkv_proj.weight,15728640,-2.4393387728708903e-05,0.29221240013212224,0.12367506341344042,-8.34782771630484e-05
model.layers.27.self_attn.o_proj.weight,27,self_attn.o_proj.weight,10485760,-1.5050140569167278e-05,0.1949864026014505,0.10046711786812092,-7.718559021743458e-05
model.layers.27.self_attn.q_norm.weight,27,self_attn.q_norm.weight,128,-2.3485439904116002e-08,1.0892766549261173e-05,0.0391728327500502,-0.0021560583161225424
model.layers.27.self_attn.k_norm.weight,27,self_attn.k_norm.weight,128,-1.6769444841332732e-08,8.102769028049311e-06,0.02711585969137643,-0.002069594330442104
model.layers.27.mlp.gate_up_proj.weight,27,mlp.gate_up_proj.weight,49807360,-7.532944005630049e-05,0.8999704472080273,0.10384134554188464,-8.37021263198081e-05
model.layers.27.mlp.down_proj.weight,27,mlp.down_proj.weight,24903680,-3.8011276396997716e-05,0.4542737901143606,0.11117056571757727,-8.367481731100669e-05
model.layers.27.input_layernorm.weight,27,input_layernorm.weight,2560,-3.165245447597001e-07,0.00019696174163085205,0.2100198328756042,-0.001607035671693714
model.layers.27.post_attention_layernorm.weight,27,post_attention_layernorm.weight,2560,-4.1517635533644557e-07,0.00021343215611247524,0.32288013334950033,-0.0019452380695514993
model.layers.28.self_attn.qkv_proj.weight,28,self_attn.qkv_proj.weight,15728640,-2.5282768900737472e-05,0.2902322461478428,0.12981925629921703,-8.711219802867308e-05
model.layers.28.self_attn.o_proj.weight,28,self_attn.o_proj.weight,10485760,-1.572371450077144e-05,0.19561966480869483,0.10785535627876978,-8.03790074793777e-05
model.layers.28.self_attn.q_norm.weight,28,self_attn.q_norm.weight,128,-2.127579539121286e-08,1.0596931204512808e-05,0.02817584041806505,-0.002007731765037066
model.layers.28.self_attn.k_norm.weight,28,self_attn.k_norm.weight,128,-2.02188526653684e-08,1.02529724721955e-05,0.024085115289936145,-0.0019719991173485396
model.layers.28.mlp.gate_up_proj.weight,28,mlp.gate_up_proj.weight,49807360,-7.45878189094835e-05,0.8998891218168362,0.10163267421949726,-8.288556567824045e-05
model.layers.28.mlp.down_proj.weight,28,mlp.down_proj.weight,24903680,-3.8345430837754124e-05,0.45252478481493236,0.11044654265255016,-8.473664233316223e-05
model.layers.28.input_layernorm.weight,28,input_layernorm.weight,2560,-3.0358716067300257e-07,0.0001884243369669497,0.20847645531052106,-0.0016111886901650759
model.layers.28.post_attention_layernorm.weight,28,post_attention_layernorm.weight,2560,-3.7022070369345047e-07,0.0002109468327597408,0.25760763629311617,-0.0017550427226139757
model.layers.29.self_attn.qkv_proj.weight,29,self_attn.qkv_proj.weight,15728640,-2.5241631026097272e-05,0.28991653094780534,0.134768517673478,-8.706516645869224e-05
model.layers.29.self_attn.o_proj.weight,29,self_attn.o_proj.weight,10485760,-1.5372798858865656e-05,0.19288679009585744,0.0986796533660459,-7.969855712371986e-05
model.layers.29.self_attn.q_norm.weight,29,self_attn.q_norm.weight,128,-1.6119954618151436e-08,9.71597606385366e-06,0.011728115300819096,-0.0016591183955385084
model.layers.29.self_attn.k_norm.weight,29,self_attn.k_norm.weight,128,-1.5493606965757982e-08,7.319246145883819e-06,0.021626118328510628,-0.0021168309764348124
model.layers.29.mlp.gate_up_proj.weight,29,mlp.gate_up_proj.weight,49807360,-7.533224922434567e-05,0.8963241562353786,0.10315633093039644,-8.40457648053871e-05
model.layers.29.mlp.down_proj.weight,29,mlp.down_proj.weight,24903680,-3.89111892378658e-05,0.45023394405815637,0.11294040914200575,-8.64243794840126e-05
model.layers.29.input_layernorm.weight,29,input_layernorm.weight,2560,-2.7467809772406256e-07,0.0001730036397625824,0.19217111630278022,-0.001587701265135293
model.layers.29.post_attention_layernorm.weight,29,post_attention_layernorm.weight,2560,-3.3042558490038046e-07,0.0001931953763309059,0.2348435321772565,-0.0017103182859533141
model.layers.30.self_attn.qkv_proj.weight,30,self_attn.qkv_proj.weight,15728640,-2.586613377061007e-05,0.29169473967427095,0.13429361160404332,-8.867535218322486e-05
model.layers.30.self_attn.o_proj.weight,30,self_attn.o_proj.weight,10485760,-1.6082176267431535e-05,0.19367414743911035,0.10885615816012181,-8.30372895922397e-05
model.layers.30.self_attn.q_norm.weight,30,self_attn.q_norm.weight,128,-2.1326618750431487e-08,9.879111967338467e-06,0.02991676819493231,-0.0021587586840740194
model.layers.30.self_attn.k_norm.weight,30,self_attn.k_norm.weight,128,-9.990620038683242e-09,5.428093788965357e-06,0.011801718565892834,-0.0018405393176869817
model.layers.30.mlp.gate_up_proj.weight,30,mlp.gate_up_proj.weight,49807360,-7.502022264350123e-05,0.895425169279998,0.09964153056477984,-8.37816773721295e-05
model.layers.30.mlp.down_proj.weight,30,mlp.down_proj.weight,24903680,-3.897526822459835e-05,0.44850611309664457,0.10928658176556255,-8.690019396948536e-05
model.layers.30.input_layernorm.weight,30,input_layernorm.weight,2560,-9.52803927697261e-08,5.1833764184524894e-05,0.05921004625288849,-0.0018381916549709565
model.layers.30.post_attention_layernorm.weight,30,post_attention_layernorm.weight,2560,-3.061766968292367e-07,0.00018210261113719566,0.24013796769414572,-0.0016813416068952682
model.layers.31.self_attn.qkv_proj.weight,31,self_attn.qkv_proj.weight,15728640,-2.560256266751085e-05,0.29071029565551454,0.13434981977197363,-8.806899187997572e-05
model.layers.31.self_attn.o_proj.weight,31,self_attn.o_proj.weight,10485760,-1.6139672645968858e-05,0.19195036299644375,0.1072852604665301,-8.408253255696046e-05
model.layers.31.self_attn.q_norm.weight,31,self_attn.q_norm.weight,128,-1.6366178836570687e-08,8.665247854126169e-06,0.019396093867949677,-0.0018887144501905427
model.layers.31.self_attn.k_norm.weight,31,self_attn.k_norm.weight,128,-2.1948604148174514e-08,9.583562910438507e-06,0.03591248683497369,-0.0022902342639466466
model.layers.31.mlp.gate_up_proj.weight,31,mlp.gate_up_proj.weight,49807360,-7.456800684192172e-05,0.8951648038387253,0.09897740564497941,-8.330086987575088e-05
model.layers.31.mlp.down_proj.weight,31,mlp.down_proj.weight,24903680,-4.0846040959400464e-05,0.4459840379903475,0.1182577535837331,-9.158632928536447e-05
model.layers.31.input_layernorm.weight,31,input_layernorm.weight,2560,-1.396512433753048e-07,7.199157468740191e-05,0.088394909992913,-0.0019398275976277948
model.layers.31.post_attention_layernorm.weight,31,post_attention_layernorm.weight,2560,-2.9815960047025813e-07,0.00018623685682327856,0.22376064124567566,-0.0016009698915461393
model.layers.32.self_attn.qkv_proj.weight,32,self_attn.qkv_proj.weight,15728640,-2.53278080682607e-05,0.2915741711607145,0.13373381291790556,-8.686574660380366e-05
model.layers.32.self_attn.o_proj.weight,32,self_attn.o_proj.weight,10485760,-1.6459086059496443e-05,0.19217400614397065,0.11368698014636112,-8.564678641900102e-05
model.layers.32.self_attn.q_norm.weight,32,self_attn.q_norm.weight,128,-1.6676454744259123e-08,1.0196280895066203e-05,0.01254298481693055,-0.0016355428921469356
model.layers.32.self_attn.k_norm.weight,32,self_attn.k_norm.weight,128,-1.468383913026061e-08,8.165476533255117e-06,0.016670042943070795,-0.0017982831829175545
model.layers.32.mlp.gate_up_proj.weight,32,mlp.gate_up_proj.weight,49807360,-7.581595859071209e-05,0.8970752215562335,0.10561146372378213,-8.451460565278754e-05
model.layers.32.mlp.down_proj.weight,32,mlp.down_proj.weight,24903680,-3.8728047462623817e-05,0.44534124468609226,0.1072370703788329,-8.696263354166098e-05
model.layers.32.input_layernorm.weight,32,input_layernorm.weight,2560,-6.661006500953714e-09,3.384321825126156e-06,0.006289590085608191,-0.0019681953564523714
model.layers.32.post_attention_layernorm.weight,32,post_attention_layernorm.weight,2560,-3.310395304350546e-07,0.00020065844641673104,0.24539980200660122,-0.001649766238833255
model.layers.33.self_attn.qkv_proj.weight,33,self_attn.qkv_proj.weight,15728640,-2.746296341411102e-05,0.2923977140213373,0.16170137688328348,-9.392331778663273e-05
model.layers.33.self_attn.o_proj.weight,33,self_attn.o_proj.weight,10485760,-1.6211335281455697e-05,0.18952892592238973,0.10498327753428953,-8.553488710263721e-05
model.layers.33.self_attn.q_norm.weight,33,self_attn.q_norm.weight,128,-1.5305762415776146e-08,8.58189353187346e-06,0.016502671359033223,-0.0017834947915550334
model.layers.33.self_attn.k_norm.weight,33,self_attn.k_norm.weight,128,-1.395199880917339e-08,7.105888978031254e-06,0.021463772822482217,-0.001963441710433099
model.layers.33.mlp.gate_up_proj.weight,33,mlp.gate_up_proj.weight,49807360,-7.413407665794908e-05,0.8984000220831765,0.10072144571102948,-8.25178927378583e-05
model.layers.33.mlp.down_proj.weight,33,mlp.down_proj.weight,24903680,-3.8744128279710503e-05,0.4469894593301496,0.10460260309601058,-8.667794613719027e-05
model.layers.33.input_layernorm.weight,33,input_layernorm.weight,2560,-5.216805976410651e-09,3.388772320620155e-06,0.003097471125269188,-0.001539438322447098
model.layers.33.post_attention_layernorm.weight,33,post_attention_layernorm.weight,2560,-3.1975066164011005e-07,0.00019579921331495026,0.22087917450318034,-0.001633053862814961
model.layers.34.self_attn.qkv_proj.weight,34,self_attn.qkv_proj.weight,15728640,-2.6986162335016586e-05,0.29259670983922703,0.15417336276978216,-9.222988990492975e-05
model.layers.34.self_attn.o_proj.weight,34,self_attn.o_proj.weight,10485760,-1.6132391298986097e-05,0.19153462869062604,0.10882408021828562,-8.422702155359981e-05
model.layers.34.self_attn.q_norm.weight,34,self_attn.q_norm.weight,128,-1.7966999015230838e-08,9.935786843945318e-06,0.02121565184999017,-0.0018083116412848158
model.layers.34.self_attn.k_norm.weight,34,self_attn.k_norm.weight,128,-6.820310328797156e-09,5.374692227927615e-06,0.0042990025677752605,-0.0012689676058766524
model.layers.34.mlp.gate_up_proj.weight,34,mlp.gate_up_proj.weight,49807360,-7.626121978502793e-05,0.8993498507246994,0.1062872403589501,-8.479594422968587e-05
model.layers.34.mlp.down_proj.weight,34,mlp.down_proj.weight,24903680,-3.7351562114680346e-05,0.4560431759609589,0.10953467758817391,-8.190356545950805e-05
model.layers.34.input_layernorm.weight,34,input_layernorm.weight,2560,0.0,0.0,,0.0
model.layers.34.post_attention_layernorm.weight,34,post_attention_layernorm.weight,2560,-3.4837837475618795e-07,0.0002147258731592834,0.23933523413076097,-0.0016224331499062588
model.layers.35.self_attn.qkv_proj.weight,35,self_attn.qkv_proj.weight,15728640,-2.3721925193460945e-05,0.29107016329072294,0.1119385403804408,-8.149899297568098e-05
model.layers.35.self_attn.o_proj.weight,35,self_attn.o_proj.weight,10485760,-1.691775635317654e-05,0.19402526742493073,0.12047021198652713,-8.719357317583441e-05
model.layers.35.self_attn.q_norm.weight,35,self_attn.q_norm.weight,128,-2.073433995750584e-08,1.0871896854990748e-05,0.026110466013116628,-0.001907150172050035
model.layers.35.self_attn.k_norm.weight,35,self_attn.k_norm.weight,128,-1.9302280991397047e-08,9.646279466385611e-06,0.022703677636829154,-0.0020010078557914173
model.layers.35.mlp.gate_up_proj.weight,35,mlp.gate_up_proj.weight,49807360,-7.583710102899463e-05,0.8914585048566992,0.10285230746317656,-8.507081441910226e-05
model.layers.35.mlp.down_proj.weight,35,mlp.down_proj.weight,24903680,-3.973640367623669e-05,0.46333584599517447,0.13437730885647822,-8.576155723693033e-05
model.layers.35.input_layernorm.weight,35,input_layernorm.weight,2560,-1.9894599062583003e-11,6.904715339470357e-09,0.004515023951226642,-0.0028813061921404374
model.layers.35.post_attention_layernorm.weight,35,post_attention_layernorm.weight,2560,-3.268254979889762e-07,0.00019299594169928225,0.22651869125023183,-0.001693431971218448
model.norm.weight,-1,norm.weight,2560,-1.5105541306770994e-08,7.67765547636435e-06,0.01575230973282374,-0.00196746797942072
