param_name,layer,kind,numel,shape_str,slope,r2,intercept,mean_incr,std_incr,delta_T,delta_1,rw_baseline,slope_per_el,d_ratio,excess_slope,grad_frac
model.embed_tokens.weight,-1,embed_tokens.weight,388956160,151936x2560,7.086233893157176,0.9999662164919676,16.74833842738144,7.103455625698419,0.24332244840445033,3551.9130859375,7.288728713989258,7.292928,1.821859279245552e-08,0.9716582822642944,0.0,0.0
model.layers.0.self_attn.qkv_proj.weight,0,self_attn.qkv_proj.weight,15728640,6144x2560,0.2826324141790498,0.9999662514856869,0.7018734622307505,0.2834259209508647,0.010329147661977784,141.72108459472656,0.29155004024505615,0.294912,1.7969284959096893e-08,0.9583618644851677,0.0,0.0
model.layers.0.self_attn.o_proj.weight,0,self_attn.o_proj.weight,10485760,2560x4096,0.19339620790932546,0.9999645700663125,0.4641386509684793,0.19385602048977105,0.006721084377685214,96.93365478515625,0.19950056076049805,0.196608,1.8443699637348697e-08,0.9836639806585971,0.0,0.0
model.layers.0.self_attn.q_norm.weight,0,self_attn.q_norm.weight,128,128,3.99745816867063e-06,0.9135426823346599,0.00026042508393458877,3.852480219934651e-06,1.6185808781446375e-05,0.00192247424274683,8.66129994392395e-08,2.4e-06,3.12301419427393e-08,1.6656075702794293,1.5974581686706301e-06,0.39961848286254137
model.layers.0.self_attn.k_norm.weight,0,self_attn.k_norm.weight,128,128,4.182718313334849e-06,0.8260919784090385,0.0006483480096281411,4.68285414642227e-06,1.7579701760041915e-05,0.0023367442190647125,0.0,2.4e-06,3.2677486822928505e-08,1.7427992972228536,1.7827183133348488e-06,0.42621046405429613
model.layers.0.mlp.gate_up_proj.weight,0,mlp.gate_up_proj.weight,49807360,19456x2560,0.8980105675013174,0.9999679607062975,2.142609296103018,0.9003965355351359,0.031813769273132605,450.222412109375,0.9245408773422241,0.9338879999999999,1.8029676086050682e-08,0.9615827245893699,0.0,0.0
model.layers.0.mlp.down_proj.weight,0,mlp.down_proj.weight,24903680,2560x9728,0.4481198310002295,0.9999670541778826,1.0971164867357004,0.4493445023028311,0.01626039307476048,224.68496704101562,0.4620603919029236,0.46694399999999997,1.7994120989356976e-08,0.9596864527657054,0.0,0.0
model.layers.0.input_layernorm.weight,0,input_layernorm.weight,2560,2560,4.984806148986694e-05,0.9986521624862144,-0.0003687788424845493,4.99537464731442e-05,3.108668314921488e-05,0.024970687925815582,4.376843571662903e-05,4.8e-05,1.947189901947927e-08,1.0385012810388945,1.8480614898669362e-06,0.03707388882599995
model.layers.0.post_attention_layernorm.weight,0,post_attention_layernorm.weight,2560,2560,1.6893955431900527e-06,0.7153156202858475,0.0010527769531050318,3.439632528097572e-06,9.132971343268348e-06,0.0017752228304743767,5.8846198953688145e-05,4.8e-05,6.599201340586143e-10,0.0351957404831261,0.0,0.0
model.layers.1.self_attn.qkv_proj.weight,1,self_attn.qkv_proj.weight,15728640,6144x2560,0.28773308915505574,0.9999665011417112,0.6707751186515196,0.28839642096139145,0.009763174614484687,144.20599365234375,0.2961795926094055,0.294912,1.8293577140493757e-08,0.9756574474930004,0.0,0.0
model.layers.1.self_attn.o_proj.weight,1,self_attn.o_proj.weight,10485760,2560x4096,0.19214216597340686,0.9999668037059476,0.45152612012349636,0.19260530000578666,0.006764771019612262,96.30794525146484,0.19790054857730865,0.196608,1.8324104878750502e-08,0.9772855935333601,0.0,0.0
model.layers.1.self_attn.q_norm.weight,1,self_attn.q_norm.weight,128,128,4.217327245476281e-06,0.9507341455669568,0.0003582870936345954,4.441561345346944e-06,1.726827365067714e-05,0.002216339111328125,0.0,2.4e-06,3.294786910528344e-08,1.757219685615117,1.8173272454762807e-06,0.43091919115967064
model.layers.1.self_attn.k_norm.weight,1,self_attn.k_norm.weight,128,128,3.4571885823010444e-06,0.9666494065810863,0.0003080795169294715,3.6886122398720477e-06,1.641367104814891e-05,0.0018406510353088379,3.3527612686157227e-08,2.4e-06,2.700928579922691e-08,1.4404952426254352,1.0571885823010445e-06,0.305794305729599
model.layers.1.mlp.gate_up_proj.weight,1,mlp.gate_up_proj.weight,49807360,19456x2560,0.8880343937539386,0.99993062807592,2.783733271155427,0.8897322781816991,0.03021397042018982,444.9024963378906,0.9260895252227783,0.9338879999999999,1.7829380913863704e-08,0.9509003154060643,0.0,0.0
model.layers.1.mlp.down_proj.weight,1,mlp.down_proj.weight,24903680,2560x9728,0.46143043832766883,0.9999391059771553,1.2953389695350097,0.46207344561874986,0.014816176081020812,231.05264282226562,0.4779934585094452,0.46694399999999997,1.8528604540681088e-08,0.9881922421696582,0.0,0.0
model.layers.1.input_layernorm.weight,1,input_layernorm.weight,2560,2560,2.3469865909708284e-05,0.9989641414783944,0.00015488937729243347,2.4117881233639686e-05,1.856842525373833e-05,0.012059131637215614,2.4308901629410684e-05,4.8e-05,9.167916370979799e-09,0.48895553978558925,0.0,0.0
model.layers.1.post_attention_layernorm.weight,1,post_attention_layernorm.weight,2560,2560,2.139179884306894e-05,0.6082816319585299,0.011792279243384319,3.9220234262057114e-05,7.647335159623124e-05,0.01995728351175785,0.00038638661499135196,4.8e-05,8.356171423073805e-09,0.4456624758972696,0.0,0.0
model.layers.2.self_attn.qkv_proj.weight,2,self_attn.qkv_proj.weight,15728640,6144x2560,0.28479896087689716,0.9999662203210965,0.6971405133952544,0.2855899328578689,0.01014914925474975,142.8031463623047,0.29376986622810364,0.294912,1.8107030288499016e-08,0.9657082820532809,0.0,0.0
model.layers.2.self_attn.o_proj.weight,2,self_attn.o_proj.weight,10485760,2560x4096,0.19053784522906628,0.9999691874354661,0.44464186987609366,0.1910315208540173,0.006846413960445352,95.5206298828125,0.19590097665786743,0.196608,1.8171104929834965e-08,0.9691255962578648,0.0,0.0
model.layers.2.self_attn.q_norm.weight,2,self_attn.q_norm.weight,128,128,4.7151885475484685e-06,0.9704989103797584,0.00041610954379390445,4.975942667118294e-06,1.8995397506290535e-05,0.0024830102920532227,1.4901161193847656e-08,2.4e-06,3.683741052772241e-08,1.964661894811862,2.3151885475484686e-06,0.49100656828499184
model.layers.2.self_attn.k_norm.weight,2,self_attn.k_norm.weight,128,128,3.460326974309225e-06,0.893166609139821,0.0004440617205981979,3.862416815901089e-06,1.704281519320356e-05,0.001931220293045044,3.874301910400391e-06,2.4e-06,2.703380448679082e-08,1.441802905962177,1.060326974309225e-06,0.30642392530575674
model.layers.2.mlp.gate_up_proj.weight,2,mlp.gate_up_proj.weight,49807360,19456x2560,0.8925447264120105,0.9999293118603885,2.758099044135861,0.8940511596704532,0.030049836956299557,447.0594177246094,0.9278890490531921,0.9338879999999999,1.7919936459431108e-08,0.9557299445029924,0.0,0.0
model.layers.2.mlp.down_proj.weight,2,mlp.down_proj.weight,24903680,2560x9728,0.4570286386265532,0.9999318657510607,1.360832441859344,0.4577168081112519,0.01523233288853592,228.8751220703125,0.47443482279777527,0.46694399999999997,1.835185155874767e-08,0.9787654164665425,0.0,0.0
model.layers.2.input_layernorm.weight,2,input_layernorm.weight,2560,2560,1.3043466528351638e-05,0.9879246758343162,0.0007828448660323968,1.3908409014102053e-05,1.2868803987027339e-05,0.006978501565754414,3.820546771748923e-05,4.8e-05,5.095104112637358e-09,0.27173888600732576,0.0,0.0
model.layers.2.post_attention_layernorm.weight,2,post_attention_layernorm.weight,2560,2560,2.790775499320309e-05,0.6908864592264206,0.011772331220179962,4.480159183579659e-05,7.662041353668612e-05,0.02268029749393463,0.00032430316787213087,4.8e-05,1.0901466794219957e-08,0.5814115623583977,0.0,0.0
model.layers.3.self_attn.qkv_proj.weight,3,self_attn.qkv_proj.weight,15728640,6144x2560,0.28507594804867764,0.9999633584874622,0.7115469336050921,0.28583479978756343,0.010179064996928883,142.9258575439453,0.2942924499511719,0.294912,1.812464065861242e-08,0.9666475017926623,0.0,0.0
model.layers.3.self_attn.o_proj.weight,3,self_attn.o_proj.weight,10485760,2560x4096,0.1906413778872567,0.9999673518320261,0.44947003482529624,0.1911181653131225,0.006880197187005658,95.56404876708984,0.19608427584171295,0.196608,1.8180978573537512e-08,0.9696521905886674,0.0,0.0
model.layers.3.self_attn.q_norm.weight,3,self_attn.q_norm.weight,128,128,4.882704365796937e-06,0.951516683656008,0.00037436639527624153,4.965593601634841e-06,1.9031880614851996e-05,0.00247785821557045,2.7008354663848877e-08,2.4e-06,3.814612785778857e-08,2.0344601524153907,2.4827043657969373e-06,0.5084691146136429
model.layers.3.self_attn.k_norm.weight,3,self_attn.k_norm.weight,128,128,3.804438310476134e-06,0.9306080802877991,0.00045624341446727165,4.3232665809696326e-06,1.7301810815394025e-05,0.0021573707927018404,6.076879799365997e-08,2.4e-06,2.9722174300594796e-08,1.585182629365056,1.404438310476134e-06,0.3691578613875238
model.layers.3.mlp.gate_up_proj.weight,3,mlp.gate_up_proj.weight,49807360,19456x2560,0.8844661525727211,0.9999475647882613,2.5822160828366805,0.8866287214244774,0.030985948254175968,443.3483581542969,0.920626163482666,0.9338879999999999,1.7757740072405385e-08,0.9470794705282873,0.0,0.0
model.layers.3.mlp.down_proj.weight,3,mlp.down_proj.weight,24903680,2560x9728,0.4601064035911984,0.999950652685804,1.2004097382310448,0.46093025743841887,0.015091364623809042,230.47947692871094,0.47527846693992615,0.46694399999999997,1.8475438312377865e-08,0.9853567099934862,0.0,0.0
model.layers.3.input_layernorm.weight,3,input_layernorm.weight,2560,2560,4.9664684470164886e-06,0.9617094864240587,0.0006666619559450291,5.885770546509427e-06,9.250135643546123e-06,0.0029742103070020676,3.7210804293863475e-05,4.8e-05,1.940026737115816e-09,0.10346809264617685,0.0,0.0
model.layers.3.post_attention_layernorm.weight,3,post_attention_layernorm.weight,2560,2560,2.145027937199305e-05,0.5603296462540973,0.012318573293767456,4.0205131156112486e-05,7.85235566982119e-05,0.020413341000676155,0.00035098055377602577,4.8e-05,8.379015379684785e-09,0.4468808202498552,0.0,0.0
model.layers.4.self_attn.qkv_proj.weight,4,self_attn.qkv_proj.weight,15728640,6144x2560,0.2837527778088369,0.9999638422323508,0.7031605817875146,0.2845573249704135,0.010187789603231268,142.28707885742188,0.29297369718551636,0.294912,1.8040515760347804e-08,0.9621608405518829,0.0,0.0
model.layers.4.self_attn.o_proj.weight,4,self_attn.o_proj.weight,10485760,2560x4096,0.18901836133656263,0.9999654329021549,0.4597089477512384,0.18949198657142854,0.006915853907867593,94.75132751464844,0.19482621550559998,0.196608,1.8026195653587594e-08,0.9613971015246716,0.0,0.0
model.layers.4.self_attn.q_norm.weight,4,self_attn.q_norm.weight,128,128,3.8073484253780653e-06,0.915010872531314,0.00040928079435725016,4.03890897611339e-06,1.6061756465906697e-05,0.0020307041704654694,1.5288591384887695e-05,2.4e-06,2.9744909573266135e-08,1.5863951772408607,1.4073484253780654e-06,0.3696400402961064
model.layers.4.self_attn.k_norm.weight,4,self_attn.k_norm.weight,128,128,3.9239716460238125e-06,0.9239915271075978,0.0006300847075248735,4.626448939970596e-06,1.73805855226506e-05,0.002308622235432267,2.421438694000244e-08,2.4e-06,3.0656028484561035e-08,1.6349881858432553,1.5239716460238126e-06,0.3883747854213125
model.layers.4.mlp.gate_up_proj.weight,4,mlp.gate_up_proj.weight,49807360,19456x2560,0.8639713984476705,0.9999595269100617,2.500147709164196,0.8670248454940582,0.03378998489444443,433.5498046875,0.9044067859649658,0.9338879999999999,1.734625963808703e-08,0.9251338473646417,0.0,0.0
model.layers.4.mlp.down_proj.weight,4,mlp.down_proj.weight,24903680,2560x9728,0.46329977605902284,0.9999665350634824,1.0499996576720037,0.46424587862286154,0.015134330417764116,232.13473510742188,0.47604167461395264,0.46694399999999997,1.8603667251547678e-08,0.9921955867492095,0.0,0.0
model.layers.4.input_layernorm.weight,4,input_layernorm.weight,2560,2560,5.023903693634316e-06,0.8680298658843953,0.0012895940050708119,6.746270706728269e-06,1.0516744523265964e-05,0.0034229105804115534,5.6521497754147276e-05,4.8e-05,1.9624623803259047e-09,0.10466466028404825,0.0,0.0
model.layers.4.post_attention_layernorm.weight,4,post_attention_layernorm.weight,2560,2560,2.1391050344379303e-05,0.5517489946327326,0.012518118650913759,4.037523587124202e-05,7.838410598290487e-05,0.020425746217370033,0.0002785035176202655,4.8e-05,8.355879040773165e-09,0.44564688217456877,0.0,0.0
model.layers.5.self_attn.qkv_proj.weight,5,self_attn.qkv_proj.weight,15728640,6144x2560,0.28453412957086066,0.9999655666492689,0.70409016983686,0.2853161902848131,0.010034842658202493,142.66668701171875,0.2939080595970154,0.294912,1.809019276751586e-08,0.9648102809341792,0.0,0.0
model.layers.5.self_attn.o_proj.weight,5,self_attn.o_proj.weight,10485760,2560x4096,0.19130122323510365,0.9999693950778761,0.44212693989110363,0.19180157485013016,0.006792895876039339,95.90601348876953,0.19702763855457306,0.196608,1.824390632964169e-08,0.9730083375808901,0.0,0.0
model.layers.5.self_attn.q_norm.weight,5,self_attn.q_norm.weight,128,128,3.6394746819145347e-06,0.9402528812279914,0.0005479133520909926,4.2604480334417615e-06,1.4081959907136992e-05,0.002133607864379883,7.644295692443848e-06,2.4e-06,2.8433395952457302e-08,1.5164477841310562,1.2394746819145348e-06,0.3405641720970876
model.layers.5.self_attn.k_norm.weight,5,self_attn.k_norm.weight,128,128,7.813465741243398e-07,0.6402680998890563,0.00023242927729465938,1.0374767767271971e-06,7.732311073191763e-06,0.0005177662242203951,6.531263352371752e-08,2.4e-06,6.1042701103464046e-09,0.3255610725518083,0.0,0.0
model.layers.5.mlp.gate_up_proj.weight,5,mlp.gate_up_proj.weight,49807360,19456x2560,0.8722907651617178,0.9999632026184988,2.3774987347236163,0.8751830130158541,0.03319634024972571,437.62506103515625,0.9087375402450562,0.9338879999999999,1.7513290508907072e-08,0.934042160475044,0.0,0.0
model.layers.5.mlp.down_proj.weight,5,mlp.down_proj.weight,24903680,2560x9728,0.4591035472651565,0.9999673041296522,1.0411035736887442,0.46008604072138876,0.015543048836064683,230.0545654296875,0.47163110971450806,0.46694399999999997,1.843516890938032e-08,0.9832090085002838,0.0,0.0
model.layers.5.input_layernorm.weight,5,input_layernorm.weight,2560,2560,5.215481345781474e-06,0.8573501213051774,0.001434988929786454,7.271374759690291e-06,1.173982031508285e-05,0.003686610609292984,5.8194604207528755e-05,4.8e-05,2.0372974006958884e-09,0.10865586137044737,0.0,0.0
model.layers.5.post_attention_layernorm.weight,5,post_attention_layernorm.weight,2560,2560,1.817612106081054e-05,0.7995804770014816,0.006778834644974749,2.8213212884335457e-05,4.8851479760381084e-05,0.014486637897789478,0.00040824466850608587,4.8e-05,7.100047289379117e-09,0.3786691887668862,0.0,0.0
model.layers.6.self_attn.qkv_proj.weight,6,self_attn.qkv_proj.weight,15728640,6144x2560,0.283030601365118,0.9999640585033168,0.7089095456614416,0.2838355873175757,0.010308388074324671,141.92636108398438,0.2924030125141144,0.294912,1.799460101859525e-08,0.95971205432508,0.0,0.0
model.layers.6.self_attn.o_proj.weight,6,self_attn.o_proj.weight,10485760,2560x4096,0.19031583124685217,0.9999630055503226,0.4739435763048476,0.1908265128881038,0.006863863928988039,95.4187240600586,0.1962941288948059,0.196608,1.81499320265629e-08,0.9679963747500212,0.0,0.0
model.layers.6.self_attn.q_norm.weight,6,self_attn.q_norm.weight,128,128,4.532449175328925e-06,0.8282542345847772,0.0007802415701573747,5.292988014603425e-06,1.867870498110886e-05,0.00264132022857666,1.1920928955078125e-07,2.4e-06,3.540975918225723e-08,1.8885204897203856,2.1324491753289252e-06,0.47048496140592044
model.layers.6.self_attn.k_norm.weight,6,self_attn.k_norm.weight,128,128,4.492436013667852e-06,0.9358834386285064,0.0005560852471336148,5.055995698167172e-06,1.8865945726489535e-05,0.002522948430851102,6.577465683221817e-09,2.4e-06,3.5097156356780094e-08,1.8718483390282719,2.092436013667852e-06,0.4657686848074841
model.layers.6.mlp.gate_up_proj.weight,6,mlp.gate_up_proj.weight,49807360,19456x2560,0.8756753696845548,0.9999639902901125,2.32292508024301,0.8784470524721012,0.033520244832452126,439.2532958984375,0.9082167148590088,0.9338879999999999,1.7581244412162277e-08,0.9376663686486547,0.0,0.0
model.layers.6.mlp.down_proj.weight,6,mlp.down_proj.weight,24903680,2560x9728,0.45395059031677754,0.9999645043149504,1.082966540184188,0.4550204349304727,0.015794813995996623,227.5220489501953,0.4668519198894501,0.46694399999999997,1.8228253427476482e-08,0.9721735161320791,0.0,0.0
model.layers.6.input_layernorm.weight,6,input_layernorm.weight,2560,2560,1.5973631349808881e-06,0.5759931169309809,0.0011815550756260574,3.46729275169745e-06,8.93671005597178e-06,0.0017898837104439735,5.9704627346945927e-05,4.8e-05,6.239699746019095e-10,0.03327839864543517,0.0,0.0
model.layers.6.post_attention_layernorm.weight,6,post_attention_layernorm.weight,2560,2560,2.1100401933503093e-05,0.6022738892109145,0.011701161093408902,3.961505355987183e-05,7.540317966120869e-05,0.02017330750823021,0.0004053957818541676,4.8e-05,8.242344505274645e-09,0.4395917069479811,0.0,0.0
model.layers.7.self_attn.qkv_proj.weight,7,self_attn.qkv_proj.weight,15728640,6144x2560,0.2833839056738988,0.999962669412641,0.720782052286637,0.28417333010920065,0.010057052954959976,142.0957794189453,0.2932876944541931,0.294912,1.8017063501605912e-08,0.960910053418982,0.0,0.0
model.layers.7.self_attn.o_proj.weight,7,self_attn.o_proj.weight,10485760,2560x4096,0.19003600245749735,0.9999694446049009,0.4530200645331135,0.19055585745341314,0.006875238516022672,95.28331756591797,0.19594469666481018,0.196608,1.8123245473623024e-08,0.9665730919265613,0.0,0.0
model.layers.7.self_attn.q_norm.weight,7,self_attn.q_norm.weight,128,128,4.75917260114353e-06,0.9652158102286641,0.0003295252614604208,4.6785465462174345e-06,2.0652082071815098e-05,0.0023345947265625,0.0,2.4e-06,3.718103594643383e-08,1.9829885838098043,2.35917260114353e-06,0.49571066209632114
model.layers.7.self_attn.k_norm.weight,7,self_attn.k_norm.weight,128,128,4.3293820636220045e-06,0.879217346129996,0.00036653959775018803,4.342180454659319e-06,1.9674416465186473e-05,0.002166748046875,0.0,2.4e-06,3.382329737204691e-08,1.8039091931758353,1.9293820636220046e-06,0.44564837089195686
model.layers.7.mlp.gate_up_proj.weight,7,mlp.gate_up_proj.weight,49807360,19456x2560,0.876275460641833,0.9999655879753603,2.2943666273816348,0.8791039652958184,0.033192621140366446,439.58123779296875,0.9083591103553772,0.9338879999999999,1.7593292650761515e-08,0.9383089413739475,0.0,0.0
model.layers.7.mlp.down_proj.weight,7,mlp.down_proj.weight,24903680,2560x9728,0.45276631021684455,0.9999682461599351,1.0550980489392572,0.4538787536487312,0.015947904227907345,226.95108032226562,0.4655822515487671,0.46694399999999997,1.818069900580334e-08,0.9696372803095116,0.0,0.0
model.layers.7.input_layernorm.weight,7,input_layernorm.weight,2560,2560,5.366494753388068e-06,0.7271630289537727,0.0023163455620159364,8.70877081392527e-06,1.7472406322197444e-05,0.0044144438579678535,6.876722181914374e-05,4.8e-05,2.096287013042214e-09,0.11180197402891809,0.0,0.0
model.layers.7.post_attention_layernorm.weight,7,post_attention_layernorm.weight,2560,2560,1.7768288773426954e-05,0.5256952875528611,0.011409109685096877,3.510251240468843e-05,7.147456347933025e-05,0.01791684702038765,0.00040069333044812083,4.8e-05,6.940737802119904e-09,0.3701726827797282,0.0,0.0
model.layers.8.self_attn.qkv_proj.weight,8,self_attn.qkv_proj.weight,15728640,6144x2560,0.28270854739828366,0.9999634884816079,0.71491025184487,0.28351483656791504,0.010445605516194488,141.76614379882812,0.29224035143852234,0.294912,1.7974125378817472e-08,0.9586200202035985,0.0,0.0
model.layers.8.self_attn.o_proj.weight,8,self_attn.o_proj.weight,10485760,2560x4096,0.1882664807179433,0.9999670690698659,0.46981019118578615,0.1888335125599213,0.007071220782114012,94.42210388183594,0.19418111443519592,0.196608,1.79544907300895e-08,0.9575728389381067,0.0,0.0
model.layers.8.self_attn.q_norm.weight,8,self_attn.q_norm.weight,128,128,5.527081676731857e-06,0.9193708099606781,0.00043229524453799605,5.418647506194028e-06,1.730625855662698e-05,0.002704143524169922,2.384185791015625e-07,2.4e-06,4.318032559946763e-08,2.302950698638274,3.127081676731857e-06,0.5657744646503738
model.layers.8.self_attn.k_norm.weight,8,self_attn.k_norm.weight,128,128,3.7577054841123988e-06,0.8715366324710739,0.0006815862805173528,4.517095683883247e-06,1.7326830029582968e-05,0.0022550614085048437,1.0306622471034643e-06,2.4e-06,2.9357074094628115e-08,1.5657106183801661,1.3577054841123989e-06,0.36131237263079446
model.layers.8.mlp.gate_up_proj.weight,8,mlp.gate_up_proj.weight,49807360,19456x2560,0.8827620570282407,0.99996399097752,2.2867548811756535,0.8854583929440302,0.03319030512429022,442.7560729980469,0.9123349189758301,0.9338879999999999,1.772352634285858e-08,0.945254738285791,0.0,0.0
model.layers.8.mlp.down_proj.weight,8,mlp.down_proj.weight,24903680,2560x9728,0.44918692578478675,0.9999666368487166,1.0767642300148168,0.4503293543874859,0.016151953199865732,225.17669677734375,0.46234893798828125,0.46694399999999997,1.8036969868902376e-08,0.9619717263414602,0.0,0.0
model.layers.8.input_layernorm.weight,8,input_layernorm.weight,2560,2560,5.817850323296498e-06,0.5841064310154195,0.003649993580048633,1.1575085863112686e-05,2.4636727600617966e-05,0.005882785189896822,0.00010681734420359135,4.8e-05,2.2725977825376944e-09,0.12120521506867704,0.0,0.0
model.layers.8.post_attention_layernorm.weight,8,post_attention_layernorm.weight,2560,2560,1.8175077957854078e-05,0.5406476873184016,0.011279909356957291,3.511592512950301e-05,7.090976142225024e-05,0.0178871788084507,0.000364332168828696,4.8e-05,7.0996398272867495e-09,0.37864745745529327,0.0,0.0
model.layers.9.self_attn.qkv_proj.weight,9,self_attn.qkv_proj.weight,15728640,6144x2560,0.28537840319208724,0.9999646573858205,0.712053728984074,0.28611065993805923,0.009835283298576487,143.0646514892578,0.2954321801662445,0.294912,1.8143870238754734e-08,0.9676730794002524,0.0,0.0
model.layers.9.self_attn.o_proj.weight,9,self_attn.o_proj.weight,10485760,2560x4096,0.18916489288336363,0.9999644320837011,0.47507499134396625,0.18969467939260248,0.0068163863114994545,94.85304260253906,0.19539758563041687,0.196608,1.8040169990860332e-08,0.962142399512551,0.0,0.0
model.layers.9.self_attn.q_norm.weight,9,self_attn.q_norm.weight,128,128,4.92902255828184e-06,0.9206133722851182,0.0006808958403740027,5.46905044130309e-06,2.0486955309928565e-05,0.002790123224258423,6.106705404818058e-05,2.4e-06,3.850798873657687e-08,2.0537593992841,2.5290225582818398e-06,0.5130880470474874
model.layers.9.self_attn.k_norm.weight,9,self_attn.k_norm.weight,128,128,4.375063018503618e-06,0.9771429473426171,0.0002251147833852512,4.3493004792417065e-06,1.5934239689655605e-05,0.0021704467944800854,1.4585533847366605e-07,2.4e-06,3.4180179832059516e-08,1.8229429243765076,1.975063018503618e-06,0.451436473063453
model.layers.9.mlp.gate_up_proj.weight,9,mlp.gate_up_proj.weight,49807360,19456x2560,0.878443119405108,0.9999634893174646,2.3248349307591525,0.8811378957991132,0.033186727177232034,440.5992736816406,0.9114636778831482,0.9338879999999999,1.763681350316716e-08,0.9406300535022487,0.0,0.0
model.layers.9.mlp.down_proj.weight,9,mlp.down_proj.weight,24903680,2560x9728,0.4561791666671753,0.9999659688594141,1.0631300179518632,0.457215165626071,0.015505899398551789,228.61959838867188,0.4692307412624359,0.46694399999999997,1.8317741260214364e-08,0.9769462005447662,0.0,0.0
model.layers.9.input_layernorm.weight,9,input_layernorm.weight,2560,2560,7.236609669253219e-06,0.6501750529852097,0.003956636081371883,1.3294926579628244e-05,2.7695042778777616e-05,0.006735500413924456,0.00010133205068996176,4.8e-05,2.8268006520520386e-09,0.1507627014427754,0.0,0.0
model.layers.9.post_attention_layernorm.weight,9,post_attention_layernorm.weight,2560,2560,1.6597864612983724e-05,0.5077555527390364,0.010980208803166566,3.3397150595946784e-05,6.943017246060967e-05,0.016952265053987503,0.00028708690661005676,4.8e-05,6.483540864446768e-09,0.3457888461038276,0.0,0.0
model.layers.10.self_attn.qkv_proj.weight,10,self_attn.qkv_proj.weight,15728640,6144x2560,0.28267988033367525,0.9999630659735755,0.7206669653259752,0.2834873238880792,0.01019365439949752,141.75270080566406,0.2925261855125427,0.294912,1.7972302775934554e-08,0.9585228147165095,0.0,0.0
model.layers.10.self_attn.o_proj.weight,10,self_attn.o_proj.weight,10485760,2560x4096,0.18832267186544435,0.9999654906733584,0.4745426101557868,0.1888208592642763,0.006844660989791748,94.41617584228516,0.19456706941127777,0.196608,1.7959849535507618e-08,0.9578586418937396,0.0,0.0
model.layers.10.self_attn.q_norm.weight,10,self_attn.q_norm.weight,128,128,4.329889478845249e-06,0.9421910207086953,0.00044144739359915845,4.63126186199322e-06,1.6398188442052972e-05,0.0023112380877137184,2.384185791015625e-07,2.4e-06,3.382726155347851e-08,1.8041206161855206,1.929889478845249e-06,0.4457133347800686
model.layers.10.self_attn.k_norm.weight,10,self_attn.k_norm.weight,128,128,3.5865305044881273e-06,0.9499625523304215,0.0002933259684168352,3.732449811592116e-06,1.4876066901250762e-05,0.0018663383089005947,3.8458529161289334e-06,2.4e-06,2.8019769566313495e-08,1.4943877102033865,1.1865305044881274e-06,0.33082961458248356
model.layers.10.mlp.gate_up_proj.weight,10,mlp.gate_up_proj.weight,49807360,19456x2560,0.8791860246523715,0.9999667258312582,2.2748374966724043,0.8819357872248174,0.03278510733924101,440.9971008300781,0.9111430048942566,0.9338879999999999,1.7651729074826925e-08,0.9414255506574359,0.0,0.0
model.layers.10.mlp.down_proj.weight,10,mlp.down_proj.weight,24903680,2560x9728,0.45279173385436383,0.9999653285832564,1.0785994802571395,0.4538598783866676,0.01587690273450725,226.94215393066406,0.4660746157169342,0.46694399999999997,1.818171988454573e-08,0.9696917271757723,0.0,0.0
model.layers.10.input_layernorm.weight,10,input_layernorm.weight,2560,2560,7.316349957689452e-06,0.5528782260558971,0.004775699772176105,1.465076565945928e-05,3.184104638309313e-05,0.007474774029105902,0.00016404196503572166,4.8e-05,2.857949202222442e-09,0.15242395745186357,0.0,0.0
model.layers.10.post_attention_layernorm.weight,10,post_attention_layernorm.weight,2560,2560,1.719687662706683e-05,0.5204725941748066,0.010935927991405362,3.368878281695809e-05,6.927293625198453e-05,0.017125433310866356,0.0003147306852042675,4.8e-05,6.717529932447981e-09,0.3582682630638923,0.0,0.0
model.layers.11.self_attn.qkv_proj.weight,11,self_attn.qkv_proj.weight,15728640,6144x2560,0.28274155061003037,0.9999632963789898,0.7355881366591177,0.28357576613196867,0.010194134533996582,141.7974853515625,0.2931780517101288,0.294912,1.7976223666510923e-08,0.9587319288805826,0.0,0.0
model.layers.11.self_attn.o_proj.weight,11,self_attn.o_proj.weight,10485760,2560x4096,0.1885389586772776,0.9999626140168667,0.47728345942425676,0.18909410747115263,0.0069610913522040255,94.55277252197266,0.19481289386749268,0.196608,1.7980476253249893e-08,0.9589587335066609,0.0,0.0
model.layers.11.self_attn.q_norm.weight,11,self_attn.q_norm.weight,128,128,5.163513807150474e-06,0.908041733573035,0.0004916784728397586,5.134756495814046e-06,1.7229605228196682e-05,0.0025624968111515045,2.5331974029541016e-07,2.4e-06,4.033995161836308e-08,2.1514640863126977,2.7635138071504742e-06,0.5352002358013527
model.layers.11.self_attn.k_norm.weight,11,self_attn.k_norm.weight,128,128,4.299203069998379e-06,0.9021853635426107,0.0006850914137365267,5.0221349297344256e-06,1.8757955524312404e-05,0.0025061166379600763,7.130802259780467e-08,2.4e-06,3.358752398436234e-08,1.7913346124993248,1.8992030699983795e-06,0.44175700451365174
model.layers.11.mlp.gate_up_proj.weight,11,mlp.gate_up_proj.weight,49807360,19456x2560,0.8797351331448517,0.9999629788328009,2.307058536424364,0.8824685470374648,0.033506516125504524,441.2620849609375,0.9102799892425537,0.9338879999999999,1.7662753720431113e-08,0.9420135317563261,0.0,0.0
model.layers.11.mlp.down_proj.weight,11,mlp.down_proj.weight,24903680,2560x9728,0.44994147439119464,0.9999655030284906,1.0881955864730486,0.45106633757063763,0.01609791324620235,225.5455322265625,0.4634297788143158,0.46694399999999997,1.806726854790917e-08,0.9635876558884892,0.0,0.0
model.layers.11.input_layernorm.weight,11,input_layernorm.weight,2560,2560,4.38525497384248e-06,0.5003165121513897,0.00337453295065385,9.855359068554723e-06,2.322854720303715e-05,0.00499638682231307,7.85626471042633e-05,4.8e-05,1.712990224157219e-09,0.09135947862171834,0.0,0.0
model.layers.11.post_attention_layernorm.weight,11,post_attention_layernorm.weight,2560,2560,1.7002585448797745e-05,0.523955444613779,0.010944377288808356,3.358164181856286e-05,6.76790504927423e-05,0.01713036745786667,0.0003731281904038042,4.8e-05,6.6416349409366195e-09,0.35422053018328636,0.0,0.0
model.layers.12.self_attn.qkv_proj.weight,12,self_attn.qkv_proj.weight,15728640,6144x2560,0.28299271912530316,0.9999636494658793,0.730340875999218,0.2838127431506384,0.010120062811004058,141.9159698486328,0.2934110164642334,0.294912,1.7992192530651293e-08,0.9595836016347357,0.0,0.0
model.layers.12.self_attn.o_proj.weight,12,self_attn.o_proj.weight,10485760,2560x4096,0.18970943382516398,0.9999634525085274,0.4789593661497946,0.190234761379047,0.006858157573632757,95.12322998046875,0.19608405232429504,0.196608,1.8092101461902998e-08,0.9649120779681598,0.0,0.0
model.layers.12.self_attn.q_norm.weight,12,self_attn.q_norm.weight,128,128,4.718308659692654e-06,0.9557540747388694,0.0003739503814963875,4.902720929147724e-06,1.828186770989142e-05,0.002446472644805908,1.4901161193847656e-08,2.4e-06,3.686178640384886e-08,1.9659619415386058,2.318308659692654e-06,0.49134315427419845
model.layers.12.self_attn.k_norm.weight,12,self_attn.k_norm.weight,128,128,4.239329746020202e-06,0.9593344742877626,0.0002371549174221535,4.087707934385998e-06,1.5633433720852406e-05,0.002039812970906496,4.6711647883057594e-08,2.4e-06,3.311976364078283e-08,1.7663873941750843,1.8393297460202022e-06,0.4338727714556595
model.layers.12.mlp.gate_up_proj.weight,12,mlp.gate_up_proj.weight,49807360,19456x2560,0.8813163338686968,0.9999639235275052,2.2993736443738726,0.8840372048781248,0.033352427691472966,442.0468444824219,0.9122792482376099,0.9338879999999999,1.7694500047155618e-08,0.9437066691816329,0.0,0.0
model.layers.12.mlp.down_proj.weight,12,mlp.down_proj.weight,24903680,2560x9728,0.4484149765299213,0.9999653447448319,1.107921730471034,0.4496161046630156,0.016249755595348758,224.82095336914062,0.4625171422958374,0.46694399999999997,1.800597247193673e-08,0.9603185318366256,0.0,0.0
model.layers.12.input_layernorm.weight,12,input_layernorm.weight,2560,2560,5.618666632076197e-06,0.597850805522871,0.0035358385609720417,1.1130659757014027e-05,2.4772430299925072e-05,0.00566864013671875,0.00011444091796875,4.8e-05,2.1947916531547644e-09,0.11705555483492076,0.0,0.0
model.layers.12.post_attention_layernorm.weight,12,post_attention_layernorm.weight,2560,2560,1.589397050508859e-05,0.4881068980557541,0.010693933600851451,3.2340726110139834e-05,6.712648805478277e-05,0.016399569809436798,0.00026154748047702014,4.8e-05,6.208582228550231e-09,0.331124385522679,0.0,0.0
model.layers.13.self_attn.qkv_proj.weight,13,self_attn.qkv_proj.weight,15728640,6144x2560,0.28397149810161815,0.9999641204290028,0.7192350507762058,0.2847080055124057,0.009902713036591624,142.36375427246094,0.2944595217704773,0.294912,1.8054421622061294e-08,0.9629024865099356,0.0,0.0
model.layers.13.self_attn.o_proj.weight,13,self_attn.o_proj.weight,10485760,2560x4096,0.1903692083064443,0.9999665286065534,0.46742841036286364,0.19090884383431894,0.006847217029028541,95.45982360839844,0.19631053507328033,0.196608,1.8155022459644728e-08,0.9682678645143854,0.0,0.0
model.layers.13.self_attn.q_norm.weight,13,self_attn.q_norm.weight,128,128,4.92408863389459e-06,0.970692855435393,0.0003816790638681881,5.180729116371017e-06,1.9098514840932574e-05,0.00258525088429451,6.705522537231445e-08,2.4e-06,3.8469442452301486e-08,2.0517035974560796,2.5240886338945903e-06,0.5126001624991512
model.layers.13.self_attn.k_norm.weight,13,self_attn.k_norm.weight,128,128,3.579834704221086e-06,0.872191925496295,0.0004626350476401612,3.953334606865133e-06,1.7417746627927404e-05,0.0019729663617908955,2.5239296519430354e-07,2.4e-06,2.7967458626727233e-08,1.4915977934254525,1.179834704221086e-06,0.3295779838186129
model.layers.13.mlp.gate_up_proj.weight,13,mlp.gate_up_proj.weight,49807360,19456x2560,0.885362566610541,0.999965105295139,2.2669386149627826,0.887966813687571,0.03292730438103756,444.0113525390625,0.9159125089645386,0.9338879999999999,1.7775737694399803e-08,0.9480393437013229,0.0,0.0
model.layers.13.mlp.down_proj.weight,13,mlp.down_proj.weight,24903680,2560x9728,0.44828929255796857,0.9999643482406512,1.110148767356634,0.44947055495812566,0.016039741304077544,224.74827575683594,0.46246883273124695,0.46694399999999997,1.8000925668735244e-08,0.9600493689992131,0.0,0.0
model.layers.13.input_layernorm.weight,13,input_layernorm.weight,2560,2560,6.8897562348672245e-06,0.681987322464123,0.0035655114889622695,1.2345089463289371e-05,2.499430659392634e-05,0.0062999725341796875,0.00013977289199829102,4.8e-05,2.6913110292450096e-09,0.1435365882264005,0.0,0.0
model.layers.13.post_attention_layernorm.weight,13,post_attention_layernorm.weight,2560,2560,1.6907593105806915e-05,0.5086997821194372,0.011287721441977028,3.4254254436844546e-05,7.125966191096188e-05,0.01744573563337326,0.0003528626693878323,4.8e-05,6.604528556955826e-09,0.35224152303764406,0.0,0.0
model.layers.14.self_attn.qkv_proj.weight,14,self_attn.qkv_proj.weight,15728640,6144x2560,0.28365068131162907,0.9999644863525216,0.7108856991799399,0.2844354037889737,0.01027291722786268,142.226318359375,0.2930518686771393,0.294912,1.8034024639868996e-08,0.9618146474596797,0.0,0.0
model.layers.14.self_attn.o_proj.weight,14,self_attn.o_proj.weight,10485760,2560x4096,0.19148521214008196,0.9999662879965123,0.45946736270580857,0.19196245734223383,0.006776962686115579,95.98668670654297,0.19742049276828766,0.196608,1.826145287895984e-08,0.9739441535445249,0.0,0.0
model.layers.14.self_attn.q_norm.weight,14,self_attn.q_norm.weight,128,128,4.519053471836142e-06,0.9074272588450091,0.0004767114957705892,4.809559276234172e-06,1.7279211646855984e-05,0.002400003606453538,3.3527612686157227e-08,2.4e-06,3.530510524871986e-08,1.8829389465983926,2.119053471836142e-06,0.4689153348245616
model.layers.14.self_attn.k_norm.weight,14,self_attn.k_norm.weight,128,128,4.174148128464074e-06,0.9467117021601207,0.00037709327235272913,4.33313353771049e-06,1.702693051712523e-05,0.002177512738853693,1.52791035361588e-05,2.4e-06,3.2610532253625576e-08,1.739228386860031,1.7741481284640739e-06,0.4250323835816752
model.layers.14.mlp.gate_up_proj.weight,14,mlp.gate_up_proj.weight,49807360,19456x2560,0.8896220065229203,0.9999644165021252,2.26089649760695,0.8922003778761518,0.0325096424525489,446.1274719238281,0.9194833636283875,0.9338879999999999,1.7861255977488474e-08,0.9526003187993853,0.0,0.0
model.layers.14.mlp.down_proj.weight,14,mlp.down_proj.weight,24903680,2560x9728,0.4497574976577906,0.9999674673680151,1.0989088738576243,0.4509488190104345,0.016200307443352487,225.48733520507812,0.4638745188713074,0.46694399999999997,1.8059881015889643e-08,0.9631936541807811,0.0,0.0
model.layers.14.input_layernorm.weight,14,input_layernorm.weight,2560,2560,9.06293651934709e-06,0.575122629899628,0.005432640891275807,1.7451857756039424e-05,3.611351483234666e-05,0.008865952491760254,0.00015747547149658203,4.8e-05,3.5402095778699573e-09,0.18881117748639772,0.0,0.0
model.layers.14.post_attention_layernorm.weight,14,post_attention_layernorm.weight,2560,2560,1.6200067653682797e-05,0.523477446418683,0.010592673209781866,3.223417652024326e-05,6.657619891674444e-05,0.016474930569529533,0.00039007648592814803,4.8e-05,6.328151427219843e-09,0.3375014094517249,0.0,0.0
model.layers.15.self_attn.qkv_proj.weight,15,self_attn.qkv_proj.weight,15728640,6144x2560,0.2842610620001258,0.9999630091461708,0.7209196186567368,0.2850407676730223,0.010076134173587485,142.5301055908203,0.294762521982193,0.294912,1.807283159892564e-08,0.9638843519427008,0.0,0.0
model.layers.15.self_attn.o_proj.weight,15,self_attn.o_proj.weight,10485760,2560x4096,0.19278000849923851,0.9999665971560983,0.4469968760355201,0.19321623495322668,0.006666967781909612,96.61347198486328,0.19857074320316315,0.196608,1.8384934282230234e-08,0.9805298283856125,0.0,0.0
model.layers.15.self_attn.q_norm.weight,15,self_attn.q_norm.weight,128,128,4.174503026613942e-06,0.9349201856756997,0.0002480572752938245,3.9599387941952935e-06,1.816932825546869e-05,0.0019762814044952393,2.7194619178771973e-07,2.4e-06,3.2613304895421425e-08,1.7393762610891428,1.7745030266139425e-06,0.425081264835803
model.layers.15.self_attn.k_norm.weight,15,self_attn.k_norm.weight,128,128,2.3834583940597753e-06,0.9329918350316077,0.00037268640254792154,3.191441827582453e-06,1.6417720552388778e-05,0.001592853106558323,3.236345946788788e-07,2.4e-06,1.8620768703591995e-08,0.993107664191573,0.0,0.0
model.layers.15.mlp.gate_up_proj.weight,15,mlp.gate_up_proj.weight,49807360,19456x2560,0.8959540087551824,0.9999648073236331,2.231249088443974,0.8984293031071374,0.03198705436426264,449.24151611328125,0.9252938628196716,0.9338879999999999,1.798838582802185e-08,0.9593805774944988,0.0,0.0
model.layers.15.mlp.down_proj.weight,15,mlp.down_proj.weight,24903680,2560x9728,0.4512920949844214,0.9999677173902096,1.0781091304503718,0.4524370704839129,0.01588243614125375,226.23147583007812,0.46537765860557556,0.46694399999999997,1.8121502323528948e-08,0.966480123921544,0.0,0.0
model.layers.15.input_layernorm.weight,15,input_layernorm.weight,2560,2560,1.0777921573524065e-05,0.5849321996296588,0.006280937473377387,2.0610665032763282e-05,4.1221434432770096e-05,0.010499656200408936,0.0002149343490600586,4.8e-05,4.210125614657838e-09,0.22454003278175136,0.0,0.0
model.layers.15.post_attention_layernorm.weight,15,post_attention_layernorm.weight,2560,2560,1.6216628362609512e-05,0.5394365944579267,0.010200695572087339,3.212917526579184e-05,6.662623763684317e-05,0.01630832813680172,0.000275869679171592,4.8e-05,6.334620454144341e-09,0.3378464242210315,0.0,0.0
model.layers.16.self_attn.qkv_proj.weight,16,self_attn.qkv_proj.weight,15728640,6144x2560,0.2859041479314693,0.9999619403866179,0.729375233285154,0.2866565649638434,0.010035062472356058,143.33778381347656,0.2961578965187073,0.294912,1.817729618908369e-08,0.9694557967511301,0.0,0.0
model.layers.16.self_attn.o_proj.weight,16,self_attn.o_proj.weight,10485760,2560x4096,0.19119371751769176,0.9999663124490429,0.4609513020728073,0.191692856067646,0.006675116736327302,95.85215759277344,0.19742241501808167,0.196608,1.8233653785485437e-08,0.9724615352258899,0.0,0.0
model.layers.16.self_attn.q_norm.weight,16,self_attn.q_norm.weight,128,128,4.141351403557543e-06,0.9629728848351325,0.00025354156310190487,4.072317140613624e-06,1.5328750686841813e-05,0.0020321011543273926,1.4901161193847656e-08,2.4e-06,3.2354307840293306e-08,1.7255630848156431,1.7413514035575433e-06,0.42047902577445395
model.layers.16.self_attn.k_norm.weight,16,self_attn.k_norm.weight,128,128,4.271657958230943e-06,0.922313717644775,0.0005261021182776124,4.735206389313989e-06,1.7430811515427137e-05,0.0023629236966371536,5.57083694729954e-08,2.4e-06,3.337232779867924e-08,1.7798574825962263,1.871657958230943e-06,0.438157262714468
model.layers.16.mlp.gate_up_proj.weight,16,mlp.gate_up_proj.weight,49807360,19456x2560,0.8947570153159938,0.9999660135896373,2.2118766451674787,0.8973195518185954,0.0319334696642965,448.68646240234375,0.9240060448646545,0.9338879999999999,1.7964353366972145e-08,0.9580988462385146,0.0,0.0
model.layers.16.mlp.down_proj.weight,16,mlp.down_proj.weight,24903680,2560x9728,0.4533502373183292,0.9999645878147556,1.0901133412249209,0.45443604471449384,0.015845370232200777,227.2305908203125,0.4670045077800751,0.46694399999999997,1.8204146428091317e-08,0.9708878094982036,0.0,0.0
model.layers.16.input_layernorm.weight,16,input_layernorm.weight,2560,2560,2.2456652594592863e-05,0.7418631222079309,0.008828087695853743,3.528750253344824e-05,6.120743028879393e-05,0.01798027753829956,0.0003718137741088867,4.8e-05,8.772129919762838e-09,0.467846929054018,0.0,0.0
model.layers.16.post_attention_layernorm.weight,16,post_attention_layernorm.weight,2560,2560,1.917056021607963e-05,0.5952741364333192,0.010430806393012821,3.5104590966431554e-05,6.729680989448153e-05,0.01783764362335205,0.000320452731102705,4.8e-05,7.488500084406105e-09,0.3993866711683256,0.0,0.0
model.layers.17.self_attn.qkv_proj.weight,17,self_attn.qkv_proj.weight,15728640,6144x2560,0.28609601566587056,0.999962555710015,0.7247867556091308,0.2868716539983042,0.00991111202266385,143.44561767578125,0.2966623306274414,0.294912,1.8189494811113394e-08,0.9701063899260476,0.0,0.0
model.layers.17.self_attn.o_proj.weight,17,self_attn.o_proj.weight,10485760,2560x4096,0.19238512155748547,0.9999695740534918,0.44602671880569034,0.1928420839663259,0.006813376082960035,96.42639923095703,0.1981993317604065,0.196608,1.8347274928806825e-08,0.9785213295363641,0.0,0.0
model.layers.17.self_attn.q_norm.weight,17,self_attn.q_norm.weight,128,128,4.241876943378473e-06,0.9794623002433419,0.00020129881991551258,4.330571117495487e-06,1.6554271520167753e-05,0.00216098316013813,2.8172507882118225e-08,2.4e-06,3.313966362014432e-08,1.767448726407697,1.841876943378473e-06,0.43421272421719453
model.layers.17.self_attn.k_norm.weight,17,self_attn.k_norm.weight,128,128,2.345634013849035e-06,0.892746043705162,0.00030215585250530856,2.564845731659099e-06,1.4171117645880529e-05,0.0012799783144146204,1.2029431672999635e-07,2.4e-06,1.8325265733195586e-08,0.9773475057704313,0.0,0.0
model.layers.17.mlp.gate_up_proj.weight,17,mlp.gate_up_proj.weight,49807360,19456x2560,0.8957625607410922,0.9999674677342977,2.1988831640637727,0.8982608409109478,0.03214711455315966,449.1570739746094,0.9249143600463867,0.9338879999999999,1.7984542058464697e-08,0.9591755764514506,0.0,0.0
model.layers.17.mlp.down_proj.weight,17,mlp.down_proj.weight,24903680,2560x9728,0.45290713959775614,0.9999657104288332,1.0841859869412218,0.45394448198393017,0.01585639656254578,226.9847412109375,0.4664447009563446,0.46694399999999997,1.8186353968480007e-08,0.9699388783189337,0.0,0.0
model.layers.17.input_layernorm.weight,17,input_layernorm.weight,2560,2560,1.9148028250361896e-05,0.7071358979406185,0.008257148457433514,3.120882477693424e-05,5.658312952468823e-05,0.015893280506134033,0.00032007694244384766,4.8e-05,7.479698535297616e-09,0.39891725521587285,0.0,0.0
model.layers.17.post_attention_layernorm.weight,17,post_attention_layernorm.weight,2560,2560,1.9958942242447465e-05,0.5988029133876043,0.010761243057294465,3.604008792852889e-05,7.058373242990266e-05,0.01828252337872982,0.00029851950239390135,4.8e-05,7.79646181345604e-09,0.4158112967176555,0.0,0.0
model.layers.18.self_attn.qkv_proj.weight,18,self_attn.qkv_proj.weight,15728640,6144x2560,0.2865783209625053,0.9999668746209549,0.6875104747907841,0.28722267244048494,0.00988872422429578,143.62042236328125,0.29630881547927856,0.294912,1.822015895605121e-08,0.9717418109893978,0.0,0.0
model.layers.18.self_attn.o_proj.weight,18,self_attn.o_proj.weight,10485760,2560x4096,0.19229418860119193,0.9999649390859479,0.46596713509635634,0.19276027020089373,0.006616232439363883,96.38570404052734,0.19832921028137207,0.196608,1.8338602886313622e-08,0.9780588206033932,0.0,0.0
model.layers.18.self_attn.q_norm.weight,18,self_attn.q_norm.weight,128,128,6.398954389504932e-06,0.9198897411008188,0.0004987644781834467,6.395186818314937e-06,1.9759145893807643e-05,0.003191232681274414,3.4458935260772705e-08,2.4e-06,4.999183116800728e-08,2.666230995627055,3.998954389504932e-06,0.6249387237489467
model.layers.18.self_attn.k_norm.weight,18,self_attn.k_norm.weight,128,128,4.413234709786948e-06,0.9086855575364842,0.0005515996554398906,4.765005569479508e-06,2.40099622241261e-05,0.002378055825829506,3.180466592311859e-07,2.4e-06,3.447839617021053e-08,1.8388477957445617,2.013234709786948e-06,0.4561812009051606
model.layers.18.mlp.gate_up_proj.weight,18,mlp.gate_up_proj.weight,49807360,19456x2560,0.8974228688502748,0.999965436917031,2.21615261070707,0.8999105270257693,0.03189527042368226,449.98248291015625,0.9271299242973328,0.9338879999999999,1.801787665217098e-08,0.960953421449119,0.0,0.0
model.layers.18.mlp.down_proj.weight,18,mlp.down_proj.weight,24903680,2560x9728,0.4529890499479157,0.9999646171628993,1.0959696183175964,0.4540782204730238,0.01578262218393501,227.0520477294922,0.46701571345329285,0.46694399999999997,1.8189643054677692e-08,0.9701142962494769,0.0,0.0
model.layers.18.input_layernorm.weight,18,input_layernorm.weight,2560,2560,2.280662850087466e-05,0.737962810855839,0.008928923427222487,3.605925726269434e-05,6.399429477138772e-05,0.01829683780670166,0.0003032684326171875,4.8e-05,8.908839258154164e-09,0.4751380937682221,0.0,0.0
model.layers.18.post_attention_layernorm.weight,18,post_attention_layernorm.weight,2560,2560,1.8626742433250963e-05,0.5586977410941029,0.010811186289880889,3.474641712391768e-05,6.776104823240534e-05,0.017727583646774292,0.00038912150193937123,4.8e-05,7.276071262988658e-09,0.38805713402606173,0.0,0.0
model.layers.19.self_attn.qkv_proj.weight,19,self_attn.qkv_proj.weight,15728640,6144x2560,0.28682372655576194,0.9999623932334607,0.7222501520565743,0.2875271381022696,0.009688658993128088,143.77310180664062,0.29705989360809326,0.294912,1.8235761423477297e-08,0.9725739425854557,0.0,0.0
model.layers.19.self_attn.o_proj.weight,19,self_attn.o_proj.weight,10485760,2560x4096,0.19239305003381976,0.999964163985557,0.46840366469571393,0.19287740064407877,0.0066928039159593325,96.44429779052734,0.19847486913204193,0.196608,1.8348031047231652e-08,0.9785616558523548,0.0,0.0
model.layers.19.self_attn.q_norm.weight,19,self_attn.q_norm.weight,128,128,3.982477989277542e-06,0.9717310196123486,0.0001446777520218831,3.7212500568919765e-06,1.4503117476368604e-05,0.0018569768872112036,7.310882210731506e-08,2.4e-06,3.11131092912308e-08,1.6593658288656428,1.5824779892775424e-06,0.3973601344535286
model.layers.19.self_attn.k_norm.weight,19,self_attn.k_norm.weight,128,128,2.876259587823986e-06,0.8387835481495548,0.0005543799529120162,3.501130117500996e-06,1.6736768607480098e-05,0.0017471013125032187,3.738387022167444e-08,2.4e-06,2.247077802987489e-08,1.1984414949266609,4.7625958782398607e-07,0.1655829640134453
model.layers.19.mlp.gate_up_proj.weight,19,mlp.gate_up_proj.weight,49807360,19456x2560,0.898633399619002,0.9999658251489014,2.225974535900974,0.9011438616769825,0.031392890843034454,450.5992736816406,0.928486704826355,0.9338879999999999,1.8042180906978446e-08,0.9622496483721839,0.0,0.0
model.layers.19.mlp.down_proj.weight,19,mlp.down_proj.weight,24903680,2560x9728,0.45324585360688663,0.9999651930235819,1.0988286642841985,0.45437116147521023,0.01574928201646948,227.19842529296875,0.46721571683883667,0.46694399999999997,1.8199954930632203e-08,0.970664262967051,0.0,0.0
model.layers.19.input_layernorm.weight,19,input_layernorm.weight,2560,2560,3.291728654966988e-05,0.8096354379223262,0.010232881733315264,4.704920705669151e-05,7.074437502581197e-05,0.02405548095703125,0.0005779266357421875,4.8e-05,1.2858315058464798e-08,0.6857768031181225,0.0,0.0
model.layers.19.post_attention_layernorm.weight,19,post_attention_layernorm.weight,2560,2560,1.963692544364703e-05,0.5727716906401269,0.011298474599048309,3.639879677993412e-05,7.022615212623816e-05,0.01864366978406906,0.00048067019088193774,4.8e-05,7.670674001424622e-09,0.40910261340931314,0.0,0.0
model.layers.20.self_attn.qkv_proj.weight,20,self_attn.qkv_proj.weight,15728640,6144x2560,0.28583604900604315,0.9999602913093948,0.7486586251483374,0.286548826403035,0.009923321164259018,143.2850341796875,0.2971698045730591,0.294912,1.8172966576006772e-08,0.9692248840536944,0.0,0.0
model.layers.20.self_attn.o_proj.weight,20,self_attn.o_proj.weight,10485760,2560x4096,0.19290792884995162,0.9999655716148815,0.45586241490951096,0.19337033708850462,0.006653893477354136,96.6905288696289,0.19873066246509552,0.196608,1.8397133717532312e-08,0.9811804649350566,0.0,0.0
model.layers.20.self_attn.q_norm.weight,20,self_attn.q_norm.weight,128,128,4.900110499294793e-06,0.9357976880134226,0.00043200801348197964,4.953523735722941e-06,1.7419139103339836e-05,0.0024871155619621277,1.5307217836380005e-05,2.4e-06,3.828211327574057e-08,2.0417127080394972,2.500110499294793e-06,0.5102151267108365
model.layers.20.self_attn.k_norm.weight,20,self_attn.k_norm.weight,128,128,1.6759991779259008e-06,0.8246872435038312,0.0002361253939668381,1.777675145591249e-06,9.900206734606768e-06,0.0008871220634318888,6.216578185558319e-08,2.4e-06,1.30937435775461e-08,0.6983329908024587,0.0,0.0
model.layers.20.mlp.gate_up_proj.weight,20,mlp.gate_up_proj.weight,49807360,19456x2560,0.8991509840718576,0.9999653267939418,2.2236969823407264,0.9016648618157259,0.03160414234172661,450.85943603515625,0.9286699891090393,0.9338879999999999,1.8052572633278646e-08,0.9628038737748612,0.0,0.0
model.layers.20.mlp.down_proj.weight,20,mlp.down_proj.weight,24903680,2560x9728,0.45199819004267744,0.9999662627972808,1.0834268485462957,0.4530829191207886,0.01569382936123608,226.55416870117188,0.46579205989837646,0.46694399999999997,1.8149855364455272e-08,0.9679922861042811,0.0,0.0
model.layers.20.input_layernorm.weight,20,input_layernorm.weight,2560,2560,2.6136064879037352e-05,0.703806346862815,0.010707158644834833,4.211026346516275e-05,7.078948362327491e-05,0.021393537521362305,0.00038051605224609375,4.8e-05,1.0209400343373966e-08,0.5445013516466115,0.0,0.0
model.layers.20.post_attention_layernorm.weight,20,post_attention_layernorm.weight,2560,2560,1.9467241123298152e-05,0.5687272634241919,0.011547792845880164,3.714711726820451e-05,7.419018761000994e-05,0.018859965726733208,0.0003235542098991573,4.8e-05,7.604391063788341e-09,0.4055675234020448,0.0,0.0
model.layers.21.self_attn.qkv_proj.weight,21,self_attn.qkv_proj.weight,15728640,6144x2560,0.2867062383253386,0.9999644473710076,0.7138790175088161,0.287464436643826,0.00973851106713418,143.7418212890625,0.29706740379333496,0.294912,1.8228291722954978e-08,0.9721755585575989,0.0,0.0
model.layers.21.self_attn.o_proj.weight,21,self_attn.o_proj.weight,10485760,2560x4096,0.19362004794202906,0.9999611654586225,0.4691343695180876,0.19409396193309394,0.00678442344398262,97.0523910522461,0.1995040476322174,0.196608,1.8465046686365992e-08,0.9848024899395195,0.0,0.0
model.layers.21.self_attn.q_norm.weight,21,self_attn.q_norm.weight,128,128,3.889169657525711e-06,0.9264718834433593,0.0005775491920565378,4.526562545201713e-06,1.822423882543948e-05,0.002258787164464593,3.245440893806517e-08,2.4e-06,3.038413794941962e-08,1.6204873573023797,1.4891696575257114e-06,0.38290169590418965
model.layers.21.self_attn.k_norm.weight,21,self_attn.k_norm.weight,128,128,3.267733654865857e-06,0.9554177016898626,0.00031287962567058095,3.7479722123463144e-06,1.8874832417581082e-05,0.0018702861852943897,4.805133357876912e-08,2.4e-06,2.5529169178639507e-08,1.3615556895274405,8.677336548658571e-07,0.2655460164489686
model.layers.21.mlp.gate_up_proj.weight,21,mlp.gate_up_proj.weight,49807360,19456x2560,0.9020874358773534,0.9999676117060163,2.1846955432041,0.9044340955231615,0.03124787801068391,452.243896484375,0.9312828183174133,0.9338879999999999,1.811152881576846e-08,0.9659482035076513,0.0,0.0
model.layers.21.mlp.down_proj.weight,21,mlp.down_proj.weight,24903680,2560x9728,0.45092466123584934,0.9999648364010015,1.1016162581558149,0.4520621775744673,0.016084400369796605,226.04397583007812,0.46494922041893005,0.46694399999999997,1.8106748128623935e-08,0.96569323352661,0.0,0.0
model.layers.21.input_layernorm.weight,21,input_layernorm.weight,2560,2560,3.317425647632279e-05,0.7441355840393207,0.012229555936519032,5.066132019899173e-05,8.276551816728645e-05,0.025757789611816406,0.00047779083251953125,4.8e-05,1.295869393606359e-08,0.6911303432567247,0.0,0.0
model.layers.21.post_attention_layernorm.weight,21,post_attention_layernorm.weight,2560,2560,2.4505385686853525e-05,0.6292975155662269,0.012210946582717345,4.276330157030068e-05,7.784783463184965e-05,0.021740403026342392,0.000401515542762354,4.8e-05,9.572416283927158e-09,0.5105288684761151,0.0,0.0
model.layers.22.self_attn.qkv_proj.weight,22,self_attn.qkv_proj.weight,15728640,6144x2560,0.2880579905609612,0.9999628917060671,0.7254710541435827,0.2887971625179948,0.009618663058673725,144.40850830078125,0.2987242043018341,0.294912,1.831423381557218e-08,0.9767591368305162,0.0,0.0
model.layers.22.self_attn.o_proj.weight,22,self_attn.o_proj.weight,10485760,2560x4096,0.19306548963568346,0.9999633044206533,0.4649879239924246,0.1934761557884828,0.006683535146291294,96.74391174316406,0.19931000471115112,0.196608,1.8412159884994837e-08,0.9819818605330579,0.0,0.0
model.layers.22.self_attn.q_norm.weight,22,self_attn.q_norm.weight,128,128,3.569505265283749e-06,0.8478072621642666,0.0007492503582006265,4.41578386691147e-06,1.6993120646572276e-05,0.002203491050750017,1.4901161193847656e-08,2.4e-06,2.788675988502929e-08,1.4872938605348955,1.1695052652837492e-06,0.3276379157240947
model.layers.22.self_attn.k_norm.weight,22,self_attn.k_norm.weight,128,128,3.88832350082247e-06,0.9767795727754853,0.0002060255889849926,4.092637109515964e-06,2.0051116792224192e-05,0.0020425713155418634,3.453978933976032e-07,2.4e-06,3.0377527350175544e-08,1.6201347920093625,1.4883235008224698e-06,0.3827674061861507
model.layers.22.mlp.gate_up_proj.weight,22,mlp.gate_up_proj.weight,49807360,19456x2560,0.8954549256380439,0.9999661579381062,2.2336780718447926,0.897976621716677,0.03211844011727555,449.01593017578125,0.9255959391593933,0.9338879999999999,1.797836555958886e-08,0.9588461631780727,0.0,0.0
model.layers.22.mlp.down_proj.weight,22,mlp.down_proj.weight,24903680,2560x9728,0.4506091724382843,0.9999645125823176,1.1164166939631315,0.45178076726401256,0.016031519142606546,225.903564453125,0.46496158838272095,0.46694399999999997,1.809407976806176e-08,0.9650175876299606,0.0,0.0
model.layers.22.input_layernorm.weight,22,input_layernorm.weight,2560,2560,6.462790192896613e-05,0.8997642266018011,0.01118802036598832,7.751900590732246e-05,8.954055152165178e-05,0.038994789123535156,0.00031280517578125,4.8e-05,2.5245274191002393e-08,1.3464146235201275,1.6627901928966126e-05,0.257286735800927
model.layers.22.post_attention_layernorm.weight,22,post_attention_layernorm.weight,2560,2560,2.056088164335325e-05,0.5418255736763528,0.012554647234291817,3.970669767257565e-05,7.904161994618531e-05,0.02012263610959053,0.0003089939709752798,4.8e-05,8.031594391934863e-09,0.4283517009031927,0.0,0.0
model.layers.23.self_attn.qkv_proj.weight,23,self_attn.qkv_proj.weight,15728640,6144x2560,0.28475195073017096,0.9999625163120892,0.7381861739593916,0.28559485406340485,0.009993459700232224,142.8075714111328,0.29573923349380493,0.294912,1.8104041463862798e-08,0.9655488780726825,0.0,0.0
model.layers.23.self_attn.o_proj.weight,23,self_attn.o_proj.weight,10485760,2560x4096,0.19123197995761776,0.9999681064425175,0.45962192117665523,0.19177706811375514,0.0068191139043531,95.89413452148438,0.1973775327205658,0.196608,1.8237302776109482e-08,0.9726561480591723,0.0,0.0
model.layers.23.self_attn.q_norm.weight,23,self_attn.q_norm.weight,128,128,3.3623366371836933e-06,0.9036343929616452,0.00037903872457471007,3.767024724742394e-06,1.5537975070292626e-05,0.0018797668162733316,2.1478626877069473e-08,2.4e-06,2.6268254977997604e-08,1.4009735988265388,9.623366371836934e-07,0.2862106746068563
model.layers.23.self_attn.k_norm.weight,23,self_attn.k_norm.weight,128,128,1.8154997536140193e-06,0.8107648623002011,0.00045320358070291073,2.470340827976415e-06,1.2128839341753933e-05,0.0012327152071520686,1.5133991837501526e-08,2.4e-06,1.4183591825109526e-08,0.7564582306725081,0.0,0.0
model.layers.23.mlp.gate_up_proj.weight,23,mlp.gate_up_proj.weight,49807360,19456x2560,0.8894371612248453,0.9999640834992539,2.2685849054955725,0.8919342860191284,0.032565880743413655,445.99554443359375,0.9203357100486755,0.9338879999999999,1.7857544772998314e-08,0.9524023878932435,0.0,0.0
model.layers.23.mlp.down_proj.weight,23,mlp.down_proj.weight,24903680,2560x9728,0.4494305632411658,0.9999678567264777,1.0869945374772527,0.45059327103331953,0.01589078352521882,225.3097686767578,0.4637264311313629,0.46694399999999997,1.8046753059835566e-08,0.9624934965245636,0.0,0.0
model.layers.23.input_layernorm.weight,23,input_layernorm.weight,2560,2560,5.81252515439749e-05,0.8883543771126048,0.012373996436476475,7.356479316053983e-05,9.475766739705143e-05,0.037353515625,0.000644683837890625,4.8e-05,2.2705176384365195e-08,1.210942740499477,1.0125251543974901e-05,0.17419712216324088
model.layers.23.post_attention_layernorm.weight,23,post_attention_layernorm.weight,2560,2560,2.0033255465474966e-05,0.5423817795744691,0.01250178931334862,3.8982427913232714e-05,7.771015225012466e-05,0.01995672844350338,0.0005044969148002565,4.8e-05,7.82549041620116e-09,0.41735948886406177,0.0,0.0
model.layers.24.self_attn.qkv_proj.weight,24,self_attn.qkv_proj.weight,15728640,6144x2560,0.2839075029810918,0.9999593189707626,0.761232134677627,0.28469919549200484,0.010037247043958046,142.36021423339844,0.295315682888031,0.294912,1.8050352921873208e-08,0.962685489166571,0.0,0.0
model.layers.24.self_attn.o_proj.weight,24,self_attn.o_proj.weight,10485760,2560x4096,0.1915357635942291,0.9999677472273009,0.4483134294091329,0.19198914424689834,0.0068089418671078905,96.0005874633789,0.19800448417663574,0.196608,1.8266273841307554e-08,0.9742012715364029,0.0,0.0
model.layers.24.self_attn.q_norm.weight,24,self_attn.q_norm.weight,128,128,3.7757919413236943e-06,0.8833326731373057,0.00048561465074921785,4.127923537321941e-06,1.6755003011212358e-05,0.002059975638985634,1.417938619852066e-07,2.4e-06,2.949837454159136e-08,1.573246642218206,1.3757919413236944e-06,0.364371756363614
model.layers.24.self_attn.k_norm.weight,24,self_attn.k_norm.weight,128,128,1.9434083148266607e-06,0.7852481027781861,0.0005510093582475265,2.5793025199386183e-06,1.4612679697440534e-05,0.0012873460073024035,2.740498530329205e-07,2.4e-06,1.5182877459583287e-08,0.8097534645111086,0.0,0.0
model.layers.24.mlp.gate_up_proj.weight,24,mlp.gate_up_proj.weight,49807360,19456x2560,0.8846311183111502,0.9999646948580758,2.259974647459728,0.8870831157019239,0.0328232035702926,443.5692443847656,0.9147696495056152,0.9338879999999999,1.7761052147938582e-08,0.9472561145567244,0.0,0.0
model.layers.24.mlp.down_proj.weight,24,mlp.down_proj.weight,24903680,2560x9728,0.44786795418560826,0.9999642452158856,1.1141367152965955,0.4490783695945281,0.016279327220841692,224.55201721191406,0.46191078424453735,0.46694399999999997,1.7984006949398976e-08,0.9591470373012787,0.0,0.0
model.layers.24.input_layernorm.weight,24,input_layernorm.weight,2560,2560,9.225820814416065e-05,0.9316452783980127,0.01241779176027838,0.00010427348838301603,0.00010215874583824471,0.052642822265625,0.0006103515625,4.8e-05,3.6038362556312755e-08,1.9220460030033468,4.425820814416065e-05,0.4797210896943039
model.layers.24.post_attention_layernorm.weight,24,post_attention_layernorm.weight,2560,2560,2.7125921910869407e-05,0.6848711619111444,0.012669840344344499,4.585291212797911e-05,8.360988844108568e-05,0.023474760353565216,0.0005941572017036378,4.8e-05,1.0596063246433362e-08,0.5651233731431127,0.0,0.0
model.layers.25.self_attn.qkv_proj.weight,25,self_attn.qkv_proj.weight,15728640,6144x2560,0.2844389493852307,0.9999674140568042,0.6984468063357383,0.28525845816952433,0.010158083542870218,142.6383056640625,0.2943350374698639,0.294912,1.8084141374284788e-08,0.9644875399618553,0.0,0.0
model.layers.25.self_attn.o_proj.weight,25,self_attn.o_proj.weight,10485760,2560x4096,0.19044524545275332,0.9999674219251551,0.4563466120939239,0.19096480283087383,0.0069440224999900765,95.48749542236328,0.19605880975723267,0.196608,1.81622739269975e-08,0.9686546094398667,0.0,0.0
model.layers.25.self_attn.q_norm.weight,25,self_attn.q_norm.weight,128,128,4.424057465782511e-06,0.885757852509583,0.0006152006211095232,4.938090656826157e-06,1.6607706526047088e-05,0.002464115619659424,8.381903171539307e-09,2.4e-06,3.456294895142587e-08,1.8433572774093796,2.024057465782511e-06,0.457511567477911
model.layers.25.self_attn.k_norm.weight,25,self_attn.k_norm.weight,128,128,2.971726505498313e-06,0.925824603376123,0.00048422961549198017,3.6893291331226666e-06,1.5049832659923297e-05,0.0018410523189231753,7.708149496465921e-08,2.4e-06,2.321661332420557e-08,1.2382193772909638,5.717265054983132e-07,0.19238866848631597
model.layers.25.mlp.gate_up_proj.weight,25,mlp.gate_up_proj.weight,49807360,19456x2560,0.8822355078021433,0.9999655436544208,2.2620001680139126,0.8849249388985261,0.03308425164443194,442.48992919921875,0.9123846888542175,0.9338879999999999,1.7712954627632207e-08,0.9446909134737178,0.0,0.0
model.layers.25.mlp.down_proj.weight,25,mlp.down_proj.weight,24903680,2560x9728,0.4471418660766124,0.999967462516949,1.0930608095821839,0.44833259191923963,0.016358992093736664,224.1790313720703,0.4610680043697357,0.46694399999999997,1.795485109335698e-08,0.9575920583123724,0.0,0.0
model.layers.25.input_layernorm.weight,25,input_layernorm.weight,2560,2560,9.282171033713431e-05,0.9275616480776179,0.011960571533692385,0.00010353195404480837,0.00010525433272874654,0.0522003173828125,0.000537872314453125,4.8e-05,3.625848060044309e-08,1.9337856320236315,4.482171033713431e-05,0.48287959976538924
model.layers.25.post_attention_layernorm.weight,25,post_attention_layernorm.weight,2560,2560,4.414140969605003e-05,0.8268052410676313,0.01327368724276545,6.265384912628957e-05,9.681248308659767e-05,0.03192232549190521,0.0006580547778867185,4.8e-05,1.7242738162519543e-08,0.9196127020010423,0.0,0.0
model.layers.26.self_attn.qkv_proj.weight,26,self_attn.qkv_proj.weight,15728640,6144x2560,0.2842029243996698,0.9999621345646665,0.7342780751898772,0.2850141159757106,0.009926626757134295,142.5166778564453,0.29463398456573486,0.294912,1.806913530983415e-08,0.9636872165244881,0.0,0.0
model.layers.26.self_attn.o_proj.weight,26,self_attn.o_proj.weight,10485760,2560x4096,0.18930975035976116,0.9999697891637408,0.4601302586320841,0.1898694655639614,0.00677342923851602,94.94036865234375,0.19550533592700958,0.196608,1.8053984676338307e-08,0.962879182738043,0.0,0.0
model.layers.26.self_attn.q_norm.weight,26,self_attn.q_norm.weight,128,128,4.525550223478309e-06,0.9022836928872938,0.0005273845549290232,4.784441095793654e-06,1.7165815199980083e-05,0.002387469634413719,3.3527612686157227e-08,2.4e-06,3.535586112092429e-08,1.8856459264492955,2.1255502234783093e-06,0.46967774491841235
model.layers.26.self_attn.k_norm.weight,26,self_attn.k_norm.weight,128,128,5.015510156427187e-06,0.9124602510881494,0.0007039837901623668,5.968634596456696e-06,2.3138620026737354e-05,0.00297850975766778,1.6109403588870919e-07,2.4e-06,3.91836730970874e-08,2.089795898511328,2.6155101564271873e-06,0.5214843704534243
model.layers.26.mlp.gate_up_proj.weight,26,mlp.gate_up_proj.weight,49807360,19456x2560,0.879670417532541,0.9999657187899014,2.254544651252985,0.882259409747764,0.03349860963730777,441.1568603515625,0.9094148874282837,0.9338879999999999,1.766145440217151e-08,0.9419442347824805,0.0,0.0
model.layers.26.mlp.down_proj.weight,26,mlp.down_proj.weight,24903680,2560x9728,0.44504848883637327,0.99996619227822,1.1130477737071232,0.4462980729544569,0.016551489359566744,223.16189575195312,0.4591573476791382,0.46694399999999997,1.7870792141417383e-08,0.9531089142089272,0.0,0.0
model.layers.26.input_layernorm.weight,26,input_layernorm.weight,2560,2560,0.00010463506819847594,0.9567504247850248,0.008786443492453652,0.00011069502285821643,9.241678063768332e-05,0.055450439453125,0.000213623046875,4.8e-05,4.087307351502966e-08,2.1798972541349153,5.6635068198475935e-05,0.5412627828659536
model.layers.26.post_attention_layernorm.weight,26,post_attention_layernorm.weight,2560,2560,6.45501279414878e-05,0.8941803586452474,0.013375463603400362,8.150862034350514e-05,0.00010076659812014368,0.04159216582775116,0.0009193642763420939,4.8e-05,2.5214893727143672e-08,1.3447943321143292,1.6550127941487803e-05,0.2563918689129455
model.layers.27.self_attn.qkv_proj.weight,27,self_attn.qkv_proj.weight,15728640,6144x2560,0.28527362130096334,0.9999649461718109,0.7188458767563048,0.2860896598122163,0.009991716395447037,143.05410766601562,0.29536741971969604,0.294912,1.8137208385528775e-08,0.9673177805615347,0.0,0.0
model.layers.27.self_attn.o_proj.weight,27,self_attn.o_proj.weight,10485760,2560x4096,0.19069292739932744,0.999968919809728,0.44611437147651856,0.19120881731858952,0.0068397091605867264,95.60962677001953,0.19642692804336548,0.196608,1.8185894718106027e-08,0.9699143849656547,0.0,0.0
model.layers.27.self_attn.q_norm.weight,27,self_attn.q_norm.weight,128,128,4.731157137562686e-06,0.9033191776940136,0.0005482529231565511,4.997921133328057e-06,1.7092880669523755e-05,0.0024940408766269684,7.82310962677002e-08,2.4e-06,3.6962165137208485e-08,1.9713154739844527,2.331157137562686e-06,0.4927245216724318
model.layers.27.self_attn.k_norm.weight,27,self_attn.k_norm.weight,128,128,3.7007043972296537e-06,0.9223458989665205,0.0003918249545801679,3.893638372874795e-06,1.466952484070212e-05,0.0019430441316217184,1.1858355719596148e-07,2.4e-06,2.891175310335667e-08,1.5419601655123558,1.3007043972296538e-06,0.3514748160386333
model.layers.27.mlp.gate_up_proj.weight,27,mlp.gate_up_proj.weight,49807360,19456x2560,0.8783056296737535,0.9999658955747204,2.2784455180961345,0.8810627577538959,0.0336735292524891,440.5592041015625,0.9088879823684692,0.9338879999999999,1.7634053073155322e-08,0.940482830568284,0.0,0.0
model.layers.27.mlp.down_proj.weight,27,mlp.down_proj.weight,24903680,2560x9728,0.44345018942227715,0.9999668906337964,1.1220002362010462,0.4447329597387142,0.016422020725396922,222.37998962402344,0.4582427144050598,0.46694399999999997,1.7806612895053148e-08,0.9496860210695012,0.0,0.0
model.layers.27.input_layernorm.weight,27,input_layernorm.weight,2560,2560,0.00011230642041708795,0.9699435962270742,0.007985894029269469,0.00011751408089616733,9.949157112232723e-05,0.0588836669921875,0.000244140625,4.8e-05,4.386969547542498e-08,2.3397170920226653,6.430642041708795e-05,0.5725978993744459
model.layers.27.post_attention_layernorm.weight,27,post_attention_layernorm.weight,2560,2560,9.963619782061795e-05,0.9438894455483674,0.011885578014910261,0.0001092228909230274,0.0001052497324837877,0.055497877299785614,0.0009956547291949391,4.8e-05,3.892038977367889e-08,2.075754121262874,5.163619782061795e-05,0.518247373445364
model.layers.28.self_attn.qkv_proj.weight,28,self_attn.qkv_proj.weight,15728640,6144x2560,0.2830824131874113,0.9999621202953766,0.7345731113234137,0.2838862711537577,0.010107974254488675,141.95277404785156,0.29352474212646484,0.294912,1.7997895125542406e-08,0.9598877400289282,0.0,0.0
model.layers.28.self_attn.o_proj.weight,28,self_attn.o_proj.weight,10485760,2560x4096,0.19116596011162085,0.9999668778756565,0.4579980917077222,0.1916730124690012,0.006896731860188702,95.84187316894531,0.19703994691371918,0.196608,1.8231006632959447e-08,0.9723203537578371,0.0,0.0
model.layers.28.self_attn.q_norm.weight,28,self_attn.q_norm.weight,128,128,4.916633178810319e-06,0.9359850672829249,0.0005206388312602838,5.256706561318381e-06,1.825813509427469e-05,0.0026232139207422733,1.1734664440155029e-07,2.4e-06,3.8411196709455615e-08,2.0485971578376327,2.5166331788103188e-06,0.511861082021838
model.layers.28.self_attn.k_norm.weight,28,self_attn.k_norm.weight,128,128,5.397148712525124e-06,0.9490550509186475,0.00035867943327908577,5.1780404531880315e-06,1.8766841813920603e-05,0.0025838841684162617,4.198227543383837e-08,2.4e-06,4.216522431660253e-08,2.2488119635521353,2.997148712525124e-06,0.5553207577122459
model.layers.28.mlp.gate_up_proj.weight,28,mlp.gate_up_proj.weight,49807360,19456x2560,0.8782942764885787,0.9999650215856881,2.2916890614474994,0.8811675792705559,0.03370235754626676,440.6111145019531,0.9084924459457397,0.9338879999999999,1.7633825131237205e-08,0.9404706736659844,0.0,0.0
model.layers.28.mlp.down_proj.weight,28,mlp.down_proj.weight,24903680,2560x9728,0.4415487338833854,0.999964842325091,1.1465373967014045,0.44290008167465605,0.016620596625345478,221.4639892578125,0.45684850215911865,0.46694399999999997,1.7730260503001378e-08,0.945613893493407,0.0,0.0
model.layers.28.input_layernorm.weight,28,input_layernorm.weight,2560,2560,0.00010711656298773631,0.9649987315056495,0.007743930610243931,0.00011222395963802605,9.57775985795026e-05,0.0562896728515625,0.0002899169921875,4.8e-05,4.1842407417084495e-08,2.2315950622445064,5.911656298773631e-05,0.5518900283843547
model.layers.28.post_attention_layernorm.weight,28,post_attention_layernorm.weight,2560,2560,0.00011071982461935631,0.9648961985291391,0.009957600766879678,0.00011802143613268474,0.0001050728194881528,0.059472549706697464,0.0005798530764877796,4.8e-05,4.324993149193606e-08,2.3066630129032566,6.271982461935631e-05,0.5664733017323754
model.layers.29.self_attn.qkv_proj.weight,29,self_attn.qkv_proj.weight,15728640,6144x2560,0.2827687449314983,0.9999629252256672,0.7369852927300116,0.2835808815602549,0.009904492758779674,141.80126953125,0.2944096326828003,0.294912,1.797795263490666e-08,0.9588241405283552,0.0,0.0
model.layers.29.self_attn.o_proj.weight,29,self_attn.o_proj.weight,10485760,2560x4096,0.18847606300607728,0.9999677329225455,0.462084785367054,0.18902821758228217,0.00704933561697989,94.51953125,0.19445067644119263,0.196608,1.7974478054626206e-08,0.9586388295800643,0.0,0.0
model.layers.29.self_attn.q_norm.weight,29,self_attn.q_norm.weight,128,128,5.285007678714711e-06,0.9763052048227362,0.0004246833733942514,5.669867454697649e-06,2.144167711932065e-05,0.0028293896466493607,1.2578675523400307e-07,2.4e-06,4.128912248995868e-08,2.202086532797796,2.8850076787147107e-06,0.5458852387923742
model.layers.29.self_attn.k_norm.weight,29,self_attn.k_norm.weight,128,128,3.2773824001142985e-06,0.9038371402476896,0.00035595459075255485,3.430350797478565e-06,1.5176523469929006e-05,0.0017119620461016893,2.169981598854065e-07,2.4e-06,2.5604550000892957e-08,1.3655760000476245,8.773824001142986e-07,0.26770827843699285
model.layers.29.mlp.gate_up_proj.weight,29,mlp.gate_up_proj.weight,49807360,19456x2560,0.8745578693572233,0.9999646185518303,2.3033295972447263,0.8774157616800679,0.03378640951291364,438.73529052734375,0.9048254489898682,0.9338879999999999,1.7558807962462243e-08,0.9364697579979863,0.0,0.0
model.layers.29.mlp.down_proj.weight,29,mlp.down_proj.weight,24903680,2560x9728,0.43913325047268104,0.9999634171678865,1.1539269581705867,0.44046723555945205,0.016678572474999254,220.24758911132812,0.45443856716156006,0.46694399999999997,1.763326747182268e-08,0.940440931830543,0.0,0.0
model.layers.29.input_layernorm.weight,29,input_layernorm.weight,2560,2560,9.978133809019611e-05,0.9695311454239992,0.006899916409968378,0.00010405943723384268,9.025868982348425e-05,0.0521697998046875,0.000244140625,4.8e-05,3.897708519148286e-08,2.0787778768790854,5.178133809019611e-05,0.5189481227781192
model.layers.29.post_attention_layernorm.weight,29,post_attention_layernorm.weight,2560,2560,0.00010192563282345755,0.9622665226147981,0.00906773283262411,0.00011025855452091039,9.821852686650599e-05,0.05526699498295784,0.00024797627702355385,4.8e-05,3.9814700321663104e-08,2.123450683822032,5.3925632823457545e-05,0.5290684132112339
model.layers.30.self_attn.qkv_proj.weight,30,self_attn.qkv_proj.weight,15728640,6144x2560,0.2844857356274237,0.9999624000694664,0.7244770937075771,0.28520234009784784,0.010167469843726334,142.61048889160156,0.29452118277549744,0.294912,1.8087115963454164e-08,0.9646461847175554,0.0,0.0
model.layers.30.self_attn.o_proj.weight,30,self_attn.o_proj.weight,10485760,2560x4096,0.18908998029931018,0.999962819278227,0.47563963506958373,0.18963752119598504,0.007021459044490815,94.82420349121094,0.19508041441440582,0.196608,1.8033025770121593e-08,0.9617613744064849,0.0,0.0
model.layers.30.self_attn.q_norm.weight,30,self_attn.q_norm.weight,128,128,4.348910008097308e-06,0.8899541952028733,0.0004815099272794856,4.526130660980163e-06,1.776125778377729e-05,0.0022585391998291016,0.0,2.4e-06,3.397585943826022e-08,1.8120458367072116,1.948910008097308e-06,0.44813758032900197
model.layers.30.self_attn.k_norm.weight,30,self_attn.k_norm.weight,128,128,2.7702946797109205e-06,0.9558396670878913,0.00024166013654085803,2.9204481592558636e-06,1.324734558274254e-05,0.0014573800144717097,7.63830030336976e-08,2.4e-06,2.1642927185241567e-08,1.1542894498795502,3.702946797109206e-07,0.1336661700370304
model.layers.30.mlp.gate_up_proj.weight,30,mlp.gate_up_proj.weight,49807360,19456x2560,0.8738008328754087,0.9999658461107676,2.280923014776505,0.8765950933964792,0.03423475342643865,438.324951171875,0.9039995670318604,0.9338879999999999,1.7543608673003522e-08,0.9356591292268546,0.0,0.0
model.layers.30.mlp.down_proj.weight,30,mlp.down_proj.weight,24903680,2560x9728,0.43732864528021553,0.9999640761342943,1.1708169879427004,0.4387233207722704,0.01698301299657333,219.37599182128906,0.4530547559261322,0.46694399999999997,1.7560804077157093e-08,0.9365762174483783,0.0,0.0
model.layers.30.input_layernorm.weight,30,input_layernorm.weight,2560,2560,2.32445902928143e-05,0.9571039661465823,0.0032990868211031418,2.7918385599323646e-05,5.6404647454804855e-05,0.0141143798828125,0.00018310546875,4.8e-05,9.079918083130586e-09,0.48426229776696456,0.0,0.0
model.layers.30.post_attention_layernorm.weight,30,post_attention_layernorm.weight,2560,2560,9.773827599401302e-05,0.9652285673705208,0.008575243972961836,0.00010525226023305723,9.000171155914278e-05,0.05297866091132164,0.0004577830550260842,4.8e-05,3.8179014060161334e-08,2.0362140832086046,4.973827599401302e-05,0.5088925038647065
model.layers.31.self_attn.qkv_proj.weight,31,self_attn.qkv_proj.weight,15728640,6144x2560,0.28347437463075725,0.9999613879480431,0.7426153306301728,0.2842840524259693,0.01006175977417424,142.15162658691406,0.29388442635536194,0.294912,1.8022815362978442e-08,0.9612168193588503,0.0,0.0
model.layers.31.self_attn.o_proj.weight,31,self_attn.o_proj.weight,10485760,2560x4096,0.18737392823998164,0.9999654798243555,0.471291391456532,0.18789930516230557,0.0070979631845086355,93.95510864257812,0.19335536658763885,0.196608,1.7869370292661823e-08,0.9530330822752973,0.0,0.0
model.layers.31.self_attn.q_norm.weight,31,self_attn.q_norm.weight,128,128,4.061290490627138e-06,0.9529856382003575,0.00045869396274950407,4.5573369661469255e-06,1.6927748750384826e-05,0.002274183789268136,7.264316082000732e-08,2.4e-06,3.172883195802451e-08,1.6922043710946408,1.6612904906271378e-06,0.4090548298530116
model.layers.31.self_attn.k_norm.weight,31,self_attn.k_norm.weight,128,128,3.2634595225319347e-06,0.8422062831093492,0.0006538282644760839,4.074463269246704e-06,1.668373244592409e-05,0.0020333807915449142,2.2362019080901518e-07,2.4e-06,2.549577751978074e-08,1.3597748010549728,8.634595225319348e-07,0.26458410670343635
model.layers.31.mlp.gate_up_proj.weight,31,mlp.gate_up_proj.weight,49807360,19456x2560,0.8735050055991497,0.9999644128827981,2.308451886621441,0.8764482341214029,0.03414236118170754,438.2510986328125,0.9034298062324524,0.9338879999999999,1.7537669244046456e-08,0.9353423596824777,0.0,0.0
model.layers.31.mlp.down_proj.weight,31,mlp.down_proj.weight,24903680,2560x9728,0.4343838133595613,0.999960701154788,1.1988402156782172,0.435731681709538,0.017109771380864978,217.8811798095703,0.451070636510849,0.46694399999999997,1.7442555211099778e-08,0.9302696112586548,0.0,0.0
model.layers.31.input_layernorm.weight,31,input_layernorm.weight,2560,2560,3.198039452314059e-05,0.9537232565445827,0.004402363320390783,3.6939112600200404e-05,6.766128294645605e-05,0.01873779296875,0.00030517578125,4.8e-05,1.2492341610601794e-08,0.6662582192320956,0.0,0.0
model.layers.31.post_attention_layernorm.weight,31,post_attention_layernorm.weight,2560,2560,0.00010681906664837694,0.9714169360509196,0.007641344678605014,0.00011139879710524378,9.079585013393817e-05,0.05601908266544342,0.0004310829099267721,4.8e-05,4.1726197909522246e-08,2.2253972218411864,5.881906664837694e-05,0.5506420201366801
model.layers.32.self_attn.qkv_proj.weight,32,self_attn.qkv_proj.weight,15728640,6144x2560,0.28439920335982544,0.9999621396394929,0.7392027339084564,0.28521689133558104,0.009976680021781004,142.61831665039062,0.29508787393569946,0.294912,1.808161439004424e-08,0.9643527674690261,0.0,0.0
model.layers.32.self_attn.o_proj.weight,32,self_attn.o_proj.weight,10485760,2560x4096,0.18752419204135157,0.9999648499703947,0.47633028898473384,0.18804277554303706,0.007031684902553306,94.02696990966797,0.19362491369247437,0.196608,1.788370056546703e-08,0.953797363491575,0.0,0.0
model.layers.32.self_attn.q_norm.weight,32,self_attn.q_norm.weight,128,128,6.366048094846188e-06,0.9676646953697594,0.0002503394598681631,6.010490754257163e-06,2.1449260882534363e-05,0.0029993075877428055,7.270136848092079e-08,2.4e-06,4.9734750740985846e-08,2.652520039519245,3.9660480948461884e-06,0.6230000206968297
model.layers.32.self_attn.k_norm.weight,32,self_attn.k_norm.weight,128,128,4.059101177959061e-06,0.9599015294585821,0.0004054270031564975,4.479832911559704e-06,1.6382504998682025e-05,0.002235869877040386,4.332541720941663e-07,2.4e-06,3.171172795280516e-08,1.691292157482942,1.659101177959061e-06,0.4087360982692396
model.layers.32.mlp.gate_up_proj.weight,32,mlp.gate_up_proj.weight,49807360,19456x2560,0.8752728848491754,0.9999653626663869,2.292047260256709,0.8780454159499648,0.033605793161879866,439.0502014160156,0.9055388569831848,0.9338879999999999,1.7573163581630817e-08,0.9372353910203103,0.0,0.0
model.layers.32.mlp.down_proj.weight,32,mlp.down_proj.weight,24903680,2560x9728,0.43412539098177894,0.9999633933354725,1.191789136157496,0.4356205047729737,0.017035786235922244,217.8255157470703,0.4508838653564453,0.46694399999999997,1.743217833596396e-08,0.9297161779180779,0.0,0.0
model.layers.32.input_layernorm.weight,32,input_layernorm.weight,2560,2560,1.3949001108504435e-06,0.9058438419868062,0.0002157630691069639,1.7124091933867736e-06,1.2098672950273827e-05,0.0008544921875,0.0,4.8e-05,5.448828558009545e-10,0.029060418976050904,0.0,0.0
model.layers.32.post_attention_layernorm.weight,32,post_attention_layernorm.weight,2560,2560,0.00011382731109961641,0.9638096901772089,0.008090509727154901,0.00011756752427753232,9.626131802761792e-05,0.059082016348838806,0.00041582173435017467,4.8e-05,4.446379339828766e-08,2.371402314575342,6.582731109961641e-05,0.5783085839742571
model.layers.33.self_attn.qkv_proj.weight,33,self_attn.qkv_proj.weight,15728640,6144x2560,0.2847743420302986,0.9999584672541283,0.762979643118399,0.28550451020439543,0.009837836259352278,142.76361083984375,0.2968602478504181,0.294912,1.8105465064385643e-08,0.965624803433901,0.0,0.0
model.layers.33.self_attn.o_proj.weight,33,self_attn.o_proj.weight,10485760,2560x4096,0.18483901986019738,0.9999625126630044,0.49718333051104935,0.18545988076674436,0.007207219930266939,92.73588562011719,0.19140511751174927,0.196608,1.76276225910375e-08,0.940139871522,0.0,0.0
model.layers.33.self_attn.q_norm.weight,33,self_attn.q_norm.weight,128,128,4.558762778818183e-06,0.955844159228054,0.00035780136721810145,4.740147165513648e-06,1.7162750643723157e-05,0.002365478780120611,1.4534452930092812e-07,2.4e-06,3.561533420951705e-08,1.899484491174243,2.158762778818183e-06,0.473541371542439
model.layers.33.self_attn.k_norm.weight,33,self_attn.k_norm.weight,128,128,3.2343785882772506e-06,0.9484238472262603,0.00037814598920955594,3.603937276928734e-06,1.3718052150471538e-05,0.0017986152088269591,2.505076395209471e-07,2.4e-06,2.526858272091602e-08,1.3476577451155212,8.343785882772507e-07,0.25797183771293497
model.layers.33.mlp.gate_up_proj.weight,33,mlp.gate_up_proj.weight,49807360,19456x2560,0.8769390887403037,0.9999661865854417,2.2774738256257763,0.8797923688420313,0.033648519300278554,439.9237060546875,0.9073140025138855,0.9338879999999999,1.7606616547038504e-08,0.9390195491753869,0.0,0.0
model.layers.33.mlp.down_proj.weight,33,mlp.down_proj.weight,24903680,2560x9728,0.435820742516877,0.9999634831553986,1.1783963366299588,0.4372646831319423,0.01725614169901272,218.64669799804688,0.4516211152076721,0.46694399999999997,1.7500254681913558e-08,0.9333469163687231,0.0,0.0
model.layers.33.input_layernorm.weight,33,input_layernorm.weight,2560,2560,1.7263926477580911e-06,0.9331852327264856,0.00019436969642409814,2.079354020541082e-06,1.350237302704097e-05,0.00103759765625,0.0,4.8e-05,6.743721280305044e-10,0.03596651349496023,0.0,0.0
model.layers.33.post_attention_layernorm.weight,33,post_attention_layernorm.weight,2560,2560,0.00011002562966725524,0.9682604131556359,0.008315083202617594,0.00011554179724328265,9.800384551837908e-05,0.05808262526988983,0.00042726844549179077,4.8e-05,4.297876158877158e-08,2.2922006180678176,6.202562966725524e-05,0.563738011360045
model.layers.34.self_attn.qkv_proj.weight,34,self_attn.qkv_proj.weight,15728640,6144x2560,0.2850299714630389,0.9999562704538877,0.768100567688677,0.28582318309313787,0.009900235067932774,142.92214965820312,0.29638129472732544,0.294912,1.8121717546020438e-08,0.9664916024544232,0.0,0.0
model.layers.34.self_attn.o_proj.weight,34,self_attn.o_proj.weight,10485760,2560x4096,0.1869389309649272,0.9999662309909001,0.47700964899528486,0.18748539847458054,0.007044420875801736,93.74874114990234,0.19352731108665466,0.196608,1.782788571976921e-08,0.9508205717210245,0.0,0.0
model.layers.34.self_attn.q_norm.weight,34,self_attn.q_norm.weight,128,128,5.45859516619865e-06,0.9540120396240857,0.00035880892209424987,5.426070091122377e-06,1.7768730667967533e-05,0.002707921899855137,3.129243850708008e-07,2.4e-06,4.264527473592695e-08,2.2744146525827706,3.05859516619865e-06,0.5603264343797539
model.layers.34.self_attn.k_norm.weight,34,self_attn.k_norm.weight,128,128,3.410392485660372e-06,0.9781783322587138,0.00020086749079018733,3.6627943353995287e-06,1.4984054157787151e-05,0.001827799598686397,6.522532203234732e-08,2.4e-06,2.6643691294221656e-08,1.420996869025155,1.0103924856603721e-06,0.2962686816572447
model.layers.34.mlp.gate_up_proj.weight,34,mlp.gate_up_proj.weight,49807360,19456x2560,0.8774786668329762,0.9999644138186733,2.291450790247694,0.8802082845586574,0.03369552538931772,440.132568359375,0.90863436460495,0.9338879999999999,1.7617449847431707e-08,0.9395973251963579,0.0,0.0
model.layers.34.mlp.down_proj.weight,34,mlp.down_proj.weight,24903680,2560x9728,0.44546764143875445,0.9999680982397422,1.0873385942072957,0.4466679338701741,0.016257059789533367,223.34713745117188,0.4598384499549866,0.46694399999999997,1.7887623091798258e-08,0.9540065648959072,0.0,0.0
model.layers.34.input_layernorm.weight,34,input_layernorm.weight,2560,2560,0.0,,0.0,0.0,0.0,0.0,0.0,4.8e-05,0.0,0.0,0.0,0.0
model.layers.34.post_attention_layernorm.weight,34,post_attention_layernorm.weight,2560,2560,0.0001217901249596795,0.9709530207299945,0.00884454110649345,0.00012728290109548023,0.00010257863600992718,0.06389565765857697,0.00038149001193232834,4.8e-05,4.75742675623748e-08,2.537294269993323,7.37901249596795e-05,0.6058793763789048
model.layers.35.self_attn.qkv_proj.weight,35,self_attn.qkv_proj.weight,15728640,6144x2560,0.28433915859803943,0.9999657555809915,0.6943978014039942,0.2851159600671642,0.010213372289427562,142.56654357910156,0.29367950558662415,0.294912,1.8077796846900905e-08,0.9641491651680482,0.0,0.0
model.layers.35.self_attn.o_proj.weight,35,self_attn.o_proj.weight,10485760,2560x4096,0.1892983117490596,0.9999631838405296,0.4765092288164965,0.18977891058028343,0.007021210267907528,94.89523315429688,0.19555677473545074,0.196608,1.805289380541416e-08,0.9628210029554218,0.0,0.0
model.layers.35.self_attn.q_norm.weight,35,self_attn.q_norm.weight,128,128,5.22707311242453e-06,0.9313784966705219,0.0005340558569990324,5.667577525656782e-06,1.8483829502944227e-05,0.0028281211853027344,0.0,2.4e-06,4.083650869081664e-08,2.1779471301768876,2.82707311242453e-06,0.5408520316474429
model.layers.35.self_attn.k_norm.weight,35,self_attn.k_norm.weight,128,128,4.7903106625626175e-06,0.9333679717964222,0.0003977332562992053,4.801406937544953e-06,1.8453110322607655e-05,0.002395935822278261,3.3760443329811096e-08,2.4e-06,3.742430205127045e-08,1.9959627760677574,2.3903106625626176e-06,0.49898865249877145
model.layers.35.mlp.gate_up_proj.weight,35,mlp.gate_up_proj.weight,49807360,19456x2560,0.8693576777287914,0.9999640855358628,2.368711784193664,0.8724233924984215,0.034063067409841954,436.2419738769531,0.9027010202407837,0.9338879999999999,1.7454401874116423e-08,0.9309014332862093,0.0,0.0
model.layers.35.mlp.down_proj.weight,35,mlp.down_proj.weight,24903680,2560x9728,0.45230138954768173,0.999965164056882,1.1020200778740303,0.45336200867243903,0.015614735778489926,226.6944580078125,0.46681568026542664,0.46694399999999997,1.8162030252062414e-08,0.9686416134433289,0.0,0.0
model.layers.35.input_layernorm.weight,35,input_layernorm.weight,2560,2560,7.252836628534017e-10,0.1901287605150425,7.071409053458479e-07,1.911170974762024e-09,4.264952635606714e-08,9.5367431640625e-07,0.0,4.8e-05,2.8331393080211005e-13,1.5110076309445868e-05,0.0,0.0
model.layers.35.post_attention_layernorm.weight,35,post_attention_layernorm.weight,2560,2560,0.00010581594466164496,0.9635026489646885,0.008312598787216404,0.00011096274170404924,9.89174609591907e-05,0.05573663115501404,0.00036622304469347,4.8e-05,4.133435338345506e-08,2.2044988471176032,5.781594466164496e-05,0.5463821624096077
model.norm.weight,-1,norm.weight,2560,2560,3.761475421392284e-06,0.9147870485256467,0.00034017368607299554,3.886164608364831e-06,1.7336970972407662e-05,0.001939208246767521,1.210719347000122e-08,4.8e-05,1.4693263364813608e-09,0.07836407127900591,0.0,0.0
